0 verbose cli /usr/local/bin/node /usr/local/bin/npm
1 info using npm@11.6.2
2 info using node@v24.12.0
3 silly config load:file:/usr/local/lib/node_modules/npm/npmrc
4 silly config load:file:/Users/danielbuk/DCIM Compliance App/.npmrc
5 silly config load:file:/Users/danielbuk/.npmrc
6 silly config load:file:/usr/local/etc/npmrc
7 verbose title npm install @deck.gl/core @deck.gl/layers @deck.gl/react @deck.gl/aggregation-layers vite-plugin-pwa workbox-window
8 verbose argv "install" "@deck.gl/core" "@deck.gl/layers" "@deck.gl/react" "@deck.gl/aggregation-layers" "vite-plugin-pwa" "workbox-window" "--legacy-peer-deps" "--cache" "/Users/danielbuk/DCIM Compliance App/.npm-local-cache"
9 verbose logfile logs-max:10 dir:/Users/danielbuk/DCIM Compliance App/.npm-local-cache/_logs/2025-12-30T22_32_02_623Z-
10 verbose logfile /Users/danielbuk/DCIM Compliance App/.npm-local-cache/_logs/2025-12-30T22_32_02_623Z-debug-0.log
11 silly logfile done cleaning log files
12 silly packumentCache heap:4496293888 maxSize:1124073472 maxEntrySize:562036736
13 verbose shrinkwrap failed to load node_modules/.package-lock.json out of date, updated: node_modules
14 silly idealTree buildDeps
15 silly fetch manifest @deck.gl/core@*
16 silly packumentCache full:https://registry.npmjs.org/@deck.gl%2fcore cache-miss
17 http fetch GET 200 https://registry.npmjs.org/npm 266ms
18 http fetch GET 200 https://registry.npmjs.org/@deck.gl%2fcore 232ms (cache miss)
19 silly packumentCache full:https://registry.npmjs.org/@deck.gl%2fcore set size:undefined disposed:false
20 silly fetch manifest @deck.gl/layers@*
21 silly packumentCache full:https://registry.npmjs.org/@deck.gl%2flayers cache-miss
22 http fetch GET 200 https://registry.npmjs.org/@deck.gl%2flayers 84ms (cache miss)
23 silly packumentCache full:https://registry.npmjs.org/@deck.gl%2flayers set size:undefined disposed:false
24 silly fetch manifest @deck.gl/react@*
25 silly packumentCache full:https://registry.npmjs.org/@deck.gl%2freact cache-miss
26 http fetch GET 200 https://registry.npmjs.org/@deck.gl%2freact 100ms (cache miss)
27 silly packumentCache full:https://registry.npmjs.org/@deck.gl%2freact set size:undefined disposed:false
28 silly fetch manifest @deck.gl/aggregation-layers@*
29 silly packumentCache full:https://registry.npmjs.org/@deck.gl%2faggregation-layers cache-miss
30 http fetch GET 200 https://registry.npmjs.org/@deck.gl%2faggregation-layers 89ms (cache miss)
31 silly packumentCache full:https://registry.npmjs.org/@deck.gl%2faggregation-layers set size:undefined disposed:false
32 silly fetch manifest vite-plugin-pwa@*
33 silly packumentCache full:https://registry.npmjs.org/vite-plugin-pwa cache-miss
34 http fetch GET 200 https://registry.npmjs.org/vite-plugin-pwa 81ms (cache miss)
35 silly packumentCache full:https://registry.npmjs.org/vite-plugin-pwa set size:undefined disposed:false
36 silly fetch manifest workbox-window@*
37 silly packumentCache full:https://registry.npmjs.org/workbox-window cache-miss
38 http fetch GET 200 https://registry.npmjs.org/workbox-window 60ms (cache miss)
39 silly packumentCache full:https://registry.npmjs.org/workbox-window set size:undefined disposed:false
40 silly placeDep ROOT @deck.gl/aggregation-layers@9.2.5 OK for: dcim-compliance-app@1.0.0 want: *
41 silly placeDep ROOT @deck.gl/core@9.2.5 OK for: dcim-compliance-app@1.0.0 want: *
42 silly placeDep ROOT @deck.gl/layers@9.2.5 OK for: dcim-compliance-app@1.0.0 want: *
43 silly placeDep ROOT @deck.gl/react@9.2.5 OK for: dcim-compliance-app@1.0.0 want: *
44 silly placeDep ROOT vite-plugin-pwa@1.2.0 OK for: dcim-compliance-app@1.0.0 want: *
45 silly placeDep ROOT workbox-window@7.4.0 OK for: dcim-compliance-app@1.0.0 want: *
46 silly fetch manifest @luma.gl/constants@^9.2.4
47 silly packumentCache full:https://registry.npmjs.org/@luma.gl%2fconstants cache-miss
48 silly fetch manifest @luma.gl/shadertools@^9.2.4
49 silly packumentCache full:https://registry.npmjs.org/@luma.gl%2fshadertools cache-miss
50 silly fetch manifest @math.gl/core@^4.1.0
51 silly packumentCache full:https://registry.npmjs.org/@math.gl%2fcore cache-miss
52 silly fetch manifest @math.gl/web-mercator@^4.1.0
53 silly packumentCache full:https://registry.npmjs.org/@math.gl%2fweb-mercator cache-miss
54 silly fetch manifest d3-hexbin@^0.2.1
55 silly packumentCache full:https://registry.npmjs.org/d3-hexbin cache-miss
56 silly fetch manifest @loaders.gl/core@^4.2.0
57 silly packumentCache full:https://registry.npmjs.org/@loaders.gl%2fcore cache-miss
58 silly fetch manifest @loaders.gl/images@^4.2.0
59 silly packumentCache full:https://registry.npmjs.org/@loaders.gl%2fimages cache-miss
60 http fetch GET 200 https://registry.npmjs.org/@luma.gl%2fconstants 106ms (cache miss)
61 silly packumentCache full:https://registry.npmjs.org/@luma.gl%2fconstants set size:undefined disposed:false
62 silly fetch manifest @luma.gl/core@^9.2.4
63 silly packumentCache full:https://registry.npmjs.org/@luma.gl%2fcore cache-miss
64 http fetch GET 200 https://registry.npmjs.org/@luma.gl%2fshadertools 111ms (cache miss)
65 silly packumentCache full:https://registry.npmjs.org/@luma.gl%2fshadertools set size:undefined disposed:false
66 silly fetch manifest @luma.gl/engine@^9.2.4
67 silly packumentCache full:https://registry.npmjs.org/@luma.gl%2fengine cache-miss
68 http fetch GET 200 https://registry.npmjs.org/d3-hexbin 151ms (cache miss)
69 silly packumentCache full:https://registry.npmjs.org/d3-hexbin set size:undefined disposed:false
70 silly fetch manifest @luma.gl/webgl@^9.2.4
71 silly packumentCache full:https://registry.npmjs.org/@luma.gl%2fwebgl cache-miss
72 http fetch GET 200 https://registry.npmjs.org/@math.gl%2fweb-mercator 162ms (cache miss)
73 silly packumentCache full:https://registry.npmjs.org/@math.gl%2fweb-mercator set size:undefined disposed:false
74 silly fetch manifest @math.gl/core@^4.1.0
75 silly packumentCache full:https://registry.npmjs.org/@math.gl%2fcore cache-miss
76 http fetch GET 200 https://registry.npmjs.org/@math.gl%2fcore 184ms (cache miss)
77 silly packumentCache full:https://registry.npmjs.org/@math.gl%2fcore set size:undefined disposed:false
78 silly fetch manifest @math.gl/sun@^4.1.0
79 silly packumentCache full:https://registry.npmjs.org/@math.gl%2fsun cache-miss
80 http fetch GET 200 https://registry.npmjs.org/@luma.gl%2fengine 74ms (cache miss)
81 silly packumentCache full:https://registry.npmjs.org/@luma.gl%2fengine set size:undefined disposed:false
82 silly fetch manifest @math.gl/types@^4.1.0
83 silly packumentCache full:https://registry.npmjs.org/@math.gl%2ftypes cache-miss
84 http fetch GET 200 https://registry.npmjs.org/@luma.gl%2fcore 84ms (cache miss)
85 silly packumentCache full:https://registry.npmjs.org/@luma.gl%2fcore set size:undefined disposed:false
86 silly fetch manifest @probe.gl/env@^4.1.0
87 silly packumentCache full:https://registry.npmjs.org/@probe.gl%2fenv cache-miss
88 http fetch GET 200 https://registry.npmjs.org/@loaders.gl%2fimages 199ms (cache miss)
89 silly packumentCache full:https://registry.npmjs.org/@loaders.gl%2fimages set size:undefined disposed:false
90 silly fetch manifest @probe.gl/log@^4.1.0
91 silly packumentCache full:https://registry.npmjs.org/@probe.gl%2flog cache-miss
92 http fetch GET 200 https://registry.npmjs.org/@loaders.gl%2fcore 203ms (cache miss)
93 silly packumentCache full:https://registry.npmjs.org/@loaders.gl%2fcore set size:undefined disposed:false
94 silly fetch manifest @probe.gl/stats@^4.1.0
95 silly packumentCache full:https://registry.npmjs.org/@probe.gl%2fstats cache-miss
96 http fetch GET 200 https://registry.npmjs.org/@math.gl%2fcore 71ms (cache miss)
97 silly packumentCache full:https://registry.npmjs.org/@math.gl%2fcore set size:undefined disposed:false
98 silly fetch manifest @types/offscreencanvas@^2019.6.4
99 silly packumentCache full:https://registry.npmjs.org/@types%2foffscreencanvas cache-miss
100 http fetch GET 200 https://registry.npmjs.org/@math.gl%2ftypes 60ms (cache miss)
101 silly packumentCache full:https://registry.npmjs.org/@math.gl%2ftypes set size:undefined disposed:false
102 silly fetch manifest mjolnir.js@^3.0.0
103 silly packumentCache full:https://registry.npmjs.org/mjolnir.js cache-miss
104 http fetch GET 200 https://registry.npmjs.org/@luma.gl%2fwebgl 112ms (cache miss)
105 silly packumentCache full:https://registry.npmjs.org/@luma.gl%2fwebgl set size:undefined disposed:false
106 silly fetch manifest @loaders.gl/schema@^4.2.0
107 silly packumentCache full:https://registry.npmjs.org/@loaders.gl%2fschema cache-miss
108 http fetch GET 200 https://registry.npmjs.org/@math.gl%2fsun 84ms (cache miss)
109 silly packumentCache full:https://registry.npmjs.org/@math.gl%2fsun set size:undefined disposed:false
110 silly fetch manifest @math.gl/polygon@^4.1.0
111 silly packumentCache full:https://registry.npmjs.org/@math.gl%2fpolygon cache-miss
112 http fetch GET 200 https://registry.npmjs.org/@probe.gl%2fenv 75ms (cache miss)
113 silly packumentCache full:https://registry.npmjs.org/@probe.gl%2fenv set size:undefined disposed:false
114 silly fetch manifest earcut@^2.2.4
115 silly packumentCache full:https://registry.npmjs.org/earcut cache-miss
116 http fetch GET 200 https://registry.npmjs.org/mjolnir.js 53ms (cache miss)
117 silly packumentCache full:https://registry.npmjs.org/mjolnir.js set size:undefined disposed:false
118 silly fetch manifest pretty-bytes@^6.1.1
119 silly packumentCache full:https://registry.npmjs.org/pretty-bytes cache-miss
120 http fetch GET 200 https://registry.npmjs.org/@types%2foffscreencanvas 71ms (cache miss)
121 silly packumentCache full:https://registry.npmjs.org/@types%2foffscreencanvas set size:undefined disposed:false
122 silly fetch manifest workbox-build@^7.4.0
123 silly packumentCache full:https://registry.npmjs.org/workbox-build cache-miss
124 http fetch GET 200 https://registry.npmjs.org/@probe.gl%2fstats 109ms (cache miss)
125 silly packumentCache full:https://registry.npmjs.org/@probe.gl%2fstats set size:undefined disposed:false
126 silly fetch manifest workbox-window@^7.4.0
127 silly packumentCache full:https://registry.npmjs.org/workbox-window cache-miss
128 http cache https://registry.npmjs.org/workbox-window 3ms (cache hit)
129 silly packumentCache full:https://registry.npmjs.org/workbox-window set size:172054 disposed:false
130 silly fetch manifest workbox-core@7.4.0
131 silly packumentCache full:https://registry.npmjs.org/workbox-core cache-miss
132 http fetch GET 200 https://registry.npmjs.org/@probe.gl%2flog 132ms (cache miss)
133 silly packumentCache full:https://registry.npmjs.org/@probe.gl%2flog set size:undefined disposed:false
134 http fetch GET 200 https://registry.npmjs.org/@math.gl%2fpolygon 73ms (cache miss)
135 silly packumentCache full:https://registry.npmjs.org/@math.gl%2fpolygon set size:undefined disposed:false
136 http fetch GET 200 https://registry.npmjs.org/@loaders.gl%2fschema 78ms (cache miss)
137 silly packumentCache full:https://registry.npmjs.org/@loaders.gl%2fschema set size:undefined disposed:false
138 http fetch GET 200 https://registry.npmjs.org/pretty-bytes 46ms (cache miss)
139 silly packumentCache full:https://registry.npmjs.org/pretty-bytes set size:undefined disposed:false
140 http fetch GET 200 https://registry.npmjs.org/earcut 88ms (cache miss)
141 silly packumentCache full:https://registry.npmjs.org/earcut set size:undefined disposed:false
142 http fetch GET 200 https://registry.npmjs.org/workbox-build 61ms (cache miss)
143 silly packumentCache full:https://registry.npmjs.org/workbox-build set size:undefined disposed:false
144 http fetch GET 200 https://registry.npmjs.org/workbox-core 55ms (cache miss)
145 silly packumentCache full:https://registry.npmjs.org/workbox-core set size:undefined disposed:false
146 silly placeDep ROOT @luma.gl/constants@9.2.5 OK for: @deck.gl/aggregation-layers@9.2.5 want: ^9.2.4
147 silly placeDep ROOT @luma.gl/shadertools@9.2.5 OK for: @deck.gl/aggregation-layers@9.2.5 want: ^9.2.4
148 silly placeDep ROOT @math.gl/core@4.1.0 OK for: @deck.gl/aggregation-layers@9.2.5 want: ^4.1.0
149 silly placeDep ROOT @math.gl/web-mercator@4.1.0 OK for: @deck.gl/aggregation-layers@9.2.5 want: ^4.1.0
150 silly placeDep ROOT d3-hexbin@0.2.2 OK for: @deck.gl/aggregation-layers@9.2.5 want: ^0.2.1
151 silly fetch manifest wgsl_reflect@^1.2.0
152 silly packumentCache full:https://registry.npmjs.org/wgsl_reflect cache-miss
153 silly fetch manifest @math.gl/types@4.1.0
154 silly packumentCache full:https://registry.npmjs.org/@math.gl%2ftypes cache-miss
155 http cache https://registry.npmjs.org/@math.gl%2ftypes 2ms (cache hit)
156 silly packumentCache full:https://registry.npmjs.org/@math.gl%2ftypes set size:56800 disposed:false
157 http fetch GET 200 https://registry.npmjs.org/wgsl_reflect 53ms (cache miss)
158 silly packumentCache full:https://registry.npmjs.org/wgsl_reflect set size:undefined disposed:false
159 silly placeDep ROOT @loaders.gl/core@4.3.4 OK for: @deck.gl/core@9.2.5 want: ^4.2.0
160 silly placeDep ROOT @loaders.gl/images@4.3.4 OK for: @deck.gl/core@9.2.5 want: ^4.2.0
161 silly placeDep ROOT @luma.gl/core@9.2.5 OK for: @deck.gl/core@9.2.5 want: ^9.2.4
162 silly placeDep ROOT @luma.gl/engine@9.2.5 OK for: @deck.gl/core@9.2.5 want: ^9.2.4
163 silly placeDep ROOT @luma.gl/webgl@9.2.5 OK for: @deck.gl/core@9.2.5 want: ^9.2.4
164 silly placeDep ROOT @math.gl/sun@4.1.0 OK for: @deck.gl/core@9.2.5 want: ^4.1.0
165 silly placeDep ROOT @math.gl/types@4.1.0 OK for: @deck.gl/core@9.2.5 want: ^4.1.0
166 silly placeDep ROOT @probe.gl/env@4.1.0 OK for: @deck.gl/core@9.2.5 want: ^4.1.0
167 silly placeDep ROOT @probe.gl/log@4.1.0 OK for: @deck.gl/core@9.2.5 want: ^4.1.0
168 silly placeDep ROOT @probe.gl/stats@4.1.0 OK for: @deck.gl/core@9.2.5 want: ^4.1.0
169 silly placeDep node_modules/@deck.gl/core @types/offscreencanvas@2019.7.3 OK for: @deck.gl/core@9.2.5 want: ^2019.6.4
170 silly placeDep ROOT mjolnir.js@3.0.0 OK for: @deck.gl/core@9.2.5 want: ^3.0.0
171 silly fetch manifest @loaders.gl/loader-utils@4.3.4
172 silly packumentCache full:https://registry.npmjs.org/@loaders.gl%2floader-utils cache-miss
173 silly fetch manifest @loaders.gl/schema@4.3.4
174 silly packumentCache full:https://registry.npmjs.org/@loaders.gl%2fschema cache-miss
175 silly fetch manifest @loaders.gl/worker-utils@4.3.4
176 silly packumentCache full:https://registry.npmjs.org/@loaders.gl%2fworker-utils cache-miss
177 silly fetch manifest @probe.gl/log@^4.0.2
178 silly packumentCache full:https://registry.npmjs.org/@probe.gl%2flog cache-miss
179 silly fetch manifest @loaders.gl/loader-utils@4.3.4
180 silly packumentCache full:https://registry.npmjs.org/@loaders.gl%2floader-utils cache-miss
181 silly fetch manifest @probe.gl/env@^4.0.8
182 silly packumentCache full:https://registry.npmjs.org/@probe.gl%2fenv cache-miss
183 silly fetch manifest @probe.gl/log@^4.0.8
184 silly packumentCache full:https://registry.npmjs.org/@probe.gl%2flog cache-miss
185 http cache https://registry.npmjs.org/@probe.gl%2fenv 4ms (cache hit)
186 silly packumentCache full:https://registry.npmjs.org/@probe.gl%2fenv set size:54598 disposed:false
187 silly fetch manifest @probe.gl/stats@^4.0.8
188 silly packumentCache full:https://registry.npmjs.org/@probe.gl%2fstats cache-miss
189 http cache https://registry.npmjs.org/@probe.gl%2flog 5ms (cache hit)
190 silly packumentCache full:https://registry.npmjs.org/@probe.gl%2flog set size:55636 disposed:false
191 silly fetch manifest @probe.gl/log@^4.0.8
192 silly packumentCache full:https://registry.npmjs.org/@probe.gl%2flog cache-hit
193 silly fetch manifest @probe.gl/stats@^4.0.8
194 silly packumentCache full:https://registry.npmjs.org/@probe.gl%2fstats cache-miss
195 http cache https://registry.npmjs.org/@probe.gl%2flog 5ms (cache hit)
196 silly packumentCache full:https://registry.npmjs.org/@probe.gl%2flog set size:55636 disposed:false
197 silly packumentCache full:https://registry.npmjs.org/@probe.gl%2flog dispose
198 http cache https://registry.npmjs.org/@loaders.gl%2fschema 7ms (cache hit)
199 silly packumentCache full:https://registry.npmjs.org/@loaders.gl%2fschema set size:489918 disposed:false
200 http cache https://registry.npmjs.org/@probe.gl%2fstats 4ms (cache hit)
201 silly packumentCache full:https://registry.npmjs.org/@probe.gl%2fstats set size:106218 disposed:false
202 http cache https://registry.npmjs.org/@probe.gl%2fstats 4ms (cache hit)
203 silly packumentCache full:https://registry.npmjs.org/@probe.gl%2fstats set size:106218 disposed:false
204 silly packumentCache full:https://registry.npmjs.org/@probe.gl%2fstats dispose
205 http fetch GET 200 https://registry.npmjs.org/@loaders.gl%2fworker-utils 88ms (cache miss)
206 silly packumentCache full:https://registry.npmjs.org/@loaders.gl%2fworker-utils set size:undefined disposed:false
207 http fetch GET 200 https://registry.npmjs.org/@loaders.gl%2floader-utils 116ms (cache miss)
208 silly packumentCache full:https://registry.npmjs.org/@loaders.gl%2floader-utils set size:undefined disposed:false
209 http fetch GET 200 https://registry.npmjs.org/@loaders.gl%2floader-utils 150ms (cache miss)
210 silly packumentCache full:https://registry.npmjs.org/@loaders.gl%2floader-utils set size:undefined disposed:false
211 silly placeDep ROOT @loaders.gl/schema@4.3.4 OK for: @deck.gl/layers@9.2.5 want: ^4.2.0
212 silly placeDep ROOT @math.gl/polygon@4.1.0 OK for: @deck.gl/layers@9.2.5 want: ^4.1.0
213 silly placeDep node_modules/@deck.gl/layers earcut@2.2.4 OK for: @deck.gl/layers@9.2.5 want: ^2.2.4
214 silly placeDep ROOT @loaders.gl/loader-utils@4.3.4 OK for: @loaders.gl/core@4.3.4 want: 4.3.4
215 silly placeDep ROOT @loaders.gl/worker-utils@4.3.4 OK for: @loaders.gl/core@4.3.4 want: 4.3.4
216 silly placeDep node_modules/@luma.gl/core @types/offscreencanvas@2019.7.3 OK for: @luma.gl/core@9.2.5 want: ^2019.6.4
217 silly placeDep ROOT wgsl_reflect@1.2.3 OK for: @luma.gl/shadertools@9.2.5 want: ^1.2.0
218 silly placeDep ROOT pretty-bytes@6.1.1 OK for: vite-plugin-pwa@1.2.0 want: ^6.1.1
219 silly placeDep ROOT workbox-build@7.4.0 OK for: vite-plugin-pwa@1.2.0 want: ^7.4.0
220 silly fetch manifest @apideck/better-ajv-errors@^0.3.1
221 silly packumentCache full:https://registry.npmjs.org/@apideck%2fbetter-ajv-errors cache-miss
222 silly fetch manifest @babel/preset-env@^7.11.0
223 silly packumentCache full:https://registry.npmjs.org/@babel%2fpreset-env cache-miss
224 silly fetch manifest @rollup/plugin-babel@^5.2.0
225 silly packumentCache full:https://registry.npmjs.org/@rollup%2fplugin-babel cache-miss
226 silly fetch manifest @rollup/plugin-node-resolve@^15.2.3
227 silly packumentCache full:https://registry.npmjs.org/@rollup%2fplugin-node-resolve cache-miss
228 silly fetch manifest @rollup/plugin-replace@^2.4.1
229 silly packumentCache full:https://registry.npmjs.org/@rollup%2fplugin-replace cache-miss
230 silly fetch manifest @rollup/plugin-terser@^0.4.3
231 silly packumentCache full:https://registry.npmjs.org/@rollup%2fplugin-terser cache-miss
232 silly fetch manifest @surma/rollup-plugin-off-main-thread@^2.2.3
233 silly packumentCache full:https://registry.npmjs.org/@surma%2frollup-plugin-off-main-thread cache-miss
234 http fetch GET 200 https://registry.npmjs.org/@rollup%2fplugin-terser 78ms (cache miss)
235 silly packumentCache full:https://registry.npmjs.org/@rollup%2fplugin-terser set size:undefined disposed:false
236 silly fetch manifest ajv@^8.6.0
237 silly packumentCache full:https://registry.npmjs.org/ajv cache-miss
238 http fetch GET 200 https://registry.npmjs.org/@babel%2fpreset-env 81ms (cache miss)
239 silly packumentCache full:https://registry.npmjs.org/@babel%2fpreset-env set size:undefined disposed:false
240 silly fetch manifest common-tags@^1.8.0
241 silly packumentCache full:https://registry.npmjs.org/common-tags cache-miss
242 http fetch GET 200 https://registry.npmjs.org/@surma%2frollup-plugin-off-main-thread 89ms (cache miss)
243 silly packumentCache full:https://registry.npmjs.org/@surma%2frollup-plugin-off-main-thread set size:undefined disposed:false
244 silly fetch manifest fast-json-stable-stringify@^2.1.0
245 silly packumentCache full:https://registry.npmjs.org/fast-json-stable-stringify cache-miss
246 http fetch GET 200 https://registry.npmjs.org/@rollup%2fplugin-replace 90ms (cache miss)
247 silly packumentCache full:https://registry.npmjs.org/@rollup%2fplugin-replace set size:undefined disposed:false
248 silly fetch manifest fs-extra@^9.0.1
249 silly packumentCache full:https://registry.npmjs.org/fs-extra cache-miss
250 http fetch GET 200 https://registry.npmjs.org/@rollup%2fplugin-babel 106ms (cache miss)
251 silly packumentCache full:https://registry.npmjs.org/@rollup%2fplugin-babel set size:undefined disposed:false
252 silly fetch manifest glob@^11.0.1
253 silly packumentCache full:https://registry.npmjs.org/glob cache-miss
254 http fetch GET 200 https://registry.npmjs.org/@rollup%2fplugin-node-resolve 124ms (cache miss)
255 silly packumentCache full:https://registry.npmjs.org/@rollup%2fplugin-node-resolve set size:undefined disposed:false
256 silly fetch manifest lodash@^4.17.20
257 silly packumentCache full:https://registry.npmjs.org/lodash cache-miss
258 http fetch GET 200 https://registry.npmjs.org/fast-json-stable-stringify 45ms (cache miss)
259 silly packumentCache full:https://registry.npmjs.org/fast-json-stable-stringify set size:undefined disposed:false
260 silly fetch manifest pretty-bytes@^5.3.0
261 silly packumentCache full:https://registry.npmjs.org/pretty-bytes cache-miss
262 http cache https://registry.npmjs.org/pretty-bytes 3ms (cache hit)
263 silly packumentCache full:https://registry.npmjs.org/pretty-bytes set size:64558 disposed:false
264 silly fetch manifest rollup@^2.79.2
265 silly packumentCache full:https://registry.npmjs.org/rollup cache-miss
266 http fetch GET 200 https://registry.npmjs.org/@apideck%2fbetter-ajv-errors 165ms (cache miss)
267 silly packumentCache full:https://registry.npmjs.org/@apideck%2fbetter-ajv-errors set size:undefined disposed:false
268 silly fetch manifest source-map@^0.8.0-beta.0
269 silly packumentCache full:https://registry.npmjs.org/source-map cache-miss
270 http fetch GET 200 https://registry.npmjs.org/common-tags 80ms (cache miss)
271 silly packumentCache full:https://registry.npmjs.org/common-tags set size:undefined disposed:false
272 silly fetch manifest stringify-object@^3.3.0
273 silly packumentCache full:https://registry.npmjs.org/stringify-object cache-miss
274 http fetch GET 200 https://registry.npmjs.org/fs-extra 77ms (cache miss)
275 silly packumentCache full:https://registry.npmjs.org/fs-extra set size:undefined disposed:false
276 silly fetch manifest strip-comments@^2.0.1
277 silly packumentCache full:https://registry.npmjs.org/strip-comments cache-miss
278 http fetch GET 200 https://registry.npmjs.org/ajv 99ms (cache miss)
279 silly packumentCache full:https://registry.npmjs.org/ajv set size:undefined disposed:false
280 silly fetch manifest tempy@^0.6.0
281 silly packumentCache full:https://registry.npmjs.org/tempy cache-miss
282 http fetch GET 200 https://registry.npmjs.org/lodash 59ms (cache miss)
283 silly packumentCache full:https://registry.npmjs.org/lodash set size:undefined disposed:false
284 silly fetch manifest upath@^1.2.0
285 silly packumentCache full:https://registry.npmjs.org/upath cache-miss
286 http fetch GET 200 https://registry.npmjs.org/glob 95ms (cache miss)
287 silly packumentCache full:https://registry.npmjs.org/glob set size:undefined disposed:false
288 silly fetch manifest workbox-background-sync@7.4.0
289 silly packumentCache full:https://registry.npmjs.org/workbox-background-sync cache-miss
290 http fetch GET 200 https://registry.npmjs.org/stringify-object 57ms (cache miss)
291 silly packumentCache full:https://registry.npmjs.org/stringify-object set size:undefined disposed:false
292 silly fetch manifest workbox-broadcast-update@7.4.0
293 silly packumentCache full:https://registry.npmjs.org/workbox-broadcast-update cache-miss
294 http fetch GET 200 https://registry.npmjs.org/tempy 56ms (cache miss)
295 silly packumentCache full:https://registry.npmjs.org/tempy set size:undefined disposed:false
296 silly fetch manifest workbox-cacheable-response@7.4.0
297 silly packumentCache full:https://registry.npmjs.org/workbox-cacheable-response cache-miss
298 http fetch GET 200 https://registry.npmjs.org/source-map 74ms (cache miss)
299 silly packumentCache full:https://registry.npmjs.org/source-map set size:undefined disposed:false
300 silly fetch manifest workbox-expiration@7.4.0
301 silly packumentCache full:https://registry.npmjs.org/workbox-expiration cache-miss
302 http fetch GET 200 https://registry.npmjs.org/upath 60ms (cache miss)
303 silly packumentCache full:https://registry.npmjs.org/upath set size:undefined disposed:false
304 silly fetch manifest workbox-google-analytics@7.4.0
305 silly packumentCache full:https://registry.npmjs.org/workbox-google-analytics cache-miss
306 http fetch GET 200 https://registry.npmjs.org/workbox-background-sync 58ms (cache miss)
307 silly packumentCache full:https://registry.npmjs.org/workbox-background-sync set size:undefined disposed:false
308 silly fetch manifest workbox-navigation-preload@7.4.0
309 silly packumentCache full:https://registry.npmjs.org/workbox-navigation-preload cache-miss
310 http fetch GET 200 https://registry.npmjs.org/rollup 130ms (cache miss)
311 silly packumentCache full:https://registry.npmjs.org/rollup set size:undefined disposed:false
312 silly fetch manifest workbox-precaching@7.4.0
313 silly packumentCache full:https://registry.npmjs.org/workbox-precaching cache-miss
314 http fetch GET 200 https://registry.npmjs.org/workbox-broadcast-update 76ms (cache miss)
315 silly packumentCache full:https://registry.npmjs.org/workbox-broadcast-update set size:undefined disposed:false
316 silly fetch manifest workbox-range-requests@7.4.0
317 silly packumentCache full:https://registry.npmjs.org/workbox-range-requests cache-miss
318 http fetch GET 200 https://registry.npmjs.org/strip-comments 133ms (cache miss)
319 silly packumentCache full:https://registry.npmjs.org/strip-comments set size:undefined disposed:false
320 silly fetch manifest workbox-recipes@7.4.0
321 silly packumentCache full:https://registry.npmjs.org/workbox-recipes cache-miss
322 http fetch GET 200 https://registry.npmjs.org/workbox-cacheable-response 65ms (cache miss)
323 silly packumentCache full:https://registry.npmjs.org/workbox-cacheable-response set size:undefined disposed:false
324 silly fetch manifest workbox-routing@7.4.0
325 silly packumentCache full:https://registry.npmjs.org/workbox-routing cache-miss
326 http fetch GET 200 https://registry.npmjs.org/workbox-google-analytics 58ms (cache miss)
327 silly packumentCache full:https://registry.npmjs.org/workbox-google-analytics set size:undefined disposed:false
328 silly fetch manifest workbox-strategies@7.4.0
329 silly packumentCache full:https://registry.npmjs.org/workbox-strategies cache-miss
330 http fetch GET 200 https://registry.npmjs.org/workbox-expiration 80ms (cache miss)
331 silly packumentCache full:https://registry.npmjs.org/workbox-expiration set size:undefined disposed:false
332 silly fetch manifest workbox-streams@7.4.0
333 silly packumentCache full:https://registry.npmjs.org/workbox-streams cache-miss
334 http fetch GET 200 https://registry.npmjs.org/workbox-navigation-preload 61ms (cache miss)
335 silly packumentCache full:https://registry.npmjs.org/workbox-navigation-preload set size:undefined disposed:false
336 silly fetch manifest workbox-sw@7.4.0
337 silly packumentCache full:https://registry.npmjs.org/workbox-sw cache-miss
338 http fetch GET 200 https://registry.npmjs.org/workbox-precaching 56ms (cache miss)
339 silly packumentCache full:https://registry.npmjs.org/workbox-precaching set size:undefined disposed:false
340 http fetch GET 200 https://registry.npmjs.org/workbox-range-requests 54ms (cache miss)
341 silly packumentCache full:https://registry.npmjs.org/workbox-range-requests set size:undefined disposed:false
342 http fetch GET 200 https://registry.npmjs.org/workbox-strategies 59ms (cache miss)
343 silly packumentCache full:https://registry.npmjs.org/workbox-strategies set size:undefined disposed:false
344 http fetch GET 200 https://registry.npmjs.org/workbox-routing 60ms (cache miss)
345 silly packumentCache full:https://registry.npmjs.org/workbox-routing set size:undefined disposed:false
346 http fetch GET 200 https://registry.npmjs.org/workbox-recipes 68ms (cache miss)
347 silly packumentCache full:https://registry.npmjs.org/workbox-recipes set size:undefined disposed:false
348 http fetch GET 200 https://registry.npmjs.org/workbox-streams 58ms (cache miss)
349 silly packumentCache full:https://registry.npmjs.org/workbox-streams set size:undefined disposed:false
350 http fetch GET 200 https://registry.npmjs.org/workbox-sw 59ms (cache miss)
351 silly packumentCache full:https://registry.npmjs.org/workbox-sw set size:undefined disposed:false
352 silly placeDep ROOT @apideck/better-ajv-errors@0.3.6 OK for: workbox-build@7.4.0 want: ^0.3.1
353 silly placeDep ROOT @babel/preset-env@7.28.5 OK for: workbox-build@7.4.0 want: ^7.11.0
354 silly placeDep ROOT @rollup/plugin-babel@5.3.1 OK for: workbox-build@7.4.0 want: ^5.2.0
355 silly placeDep ROOT @rollup/plugin-node-resolve@15.3.1 OK for: workbox-build@7.4.0 want: ^15.2.3
356 silly placeDep ROOT @rollup/plugin-replace@2.4.2 OK for: workbox-build@7.4.0 want: ^2.4.1
357 silly placeDep ROOT @rollup/plugin-terser@0.4.4 OK for: workbox-build@7.4.0 want: ^0.4.3
358 silly placeDep ROOT @surma/rollup-plugin-off-main-thread@2.2.3 OK for: workbox-build@7.4.0 want: ^2.2.3
359 silly placeDep ROOT ajv@8.17.1 OK for: workbox-build@7.4.0 want: ^8.6.0
360 silly placeDep ROOT common-tags@1.8.2 OK for: workbox-build@7.4.0 want: ^1.8.0
361 silly placeDep ROOT fast-json-stable-stringify@2.1.0 OK for: workbox-build@7.4.0 want: ^2.1.0
362 silly placeDep ROOT fs-extra@9.1.0 OK for: workbox-build@7.4.0 want: ^9.0.1
363 silly placeDep ROOT glob@11.1.0 OK for: workbox-build@7.4.0 want: ^11.0.1
364 silly placeDep ROOT lodash@4.17.21 OK for: workbox-build@7.4.0 want: ^4.17.20
365 silly placeDep node_modules/workbox-build pretty-bytes@5.6.0 OK for: workbox-build@7.4.0 want: ^5.3.0
366 silly placeDep node_modules/workbox-build rollup@2.79.2 OK for: workbox-build@7.4.0 want: ^2.79.2
367 silly placeDep ROOT source-map@0.8.0-beta.0 OK for: workbox-build@7.4.0 want: ^0.8.0-beta.0
368 silly placeDep ROOT stringify-object@3.3.0 OK for: workbox-build@7.4.0 want: ^3.3.0
369 silly placeDep ROOT strip-comments@2.0.1 OK for: workbox-build@7.4.0 want: ^2.0.1
370 silly placeDep ROOT tempy@0.6.0 OK for: workbox-build@7.4.0 want: ^0.6.0
371 silly placeDep ROOT upath@1.2.0 OK for: workbox-build@7.4.0 want: ^1.2.0
372 silly placeDep ROOT workbox-background-sync@7.4.0 OK for: workbox-build@7.4.0 want: 7.4.0
373 silly placeDep ROOT workbox-broadcast-update@7.4.0 OK for: workbox-build@7.4.0 want: 7.4.0
374 silly placeDep ROOT workbox-cacheable-response@7.4.0 OK for: workbox-build@7.4.0 want: 7.4.0
375 silly placeDep ROOT workbox-core@7.4.0 OK for: workbox-build@7.4.0 want: 7.4.0
376 silly placeDep ROOT workbox-expiration@7.4.0 OK for: workbox-build@7.4.0 want: 7.4.0
377 silly placeDep ROOT workbox-google-analytics@7.4.0 OK for: workbox-build@7.4.0 want: 7.4.0
378 silly placeDep ROOT workbox-navigation-preload@7.4.0 OK for: workbox-build@7.4.0 want: 7.4.0
379 silly placeDep ROOT workbox-precaching@7.4.0 OK for: workbox-build@7.4.0 want: 7.4.0
380 silly placeDep ROOT workbox-range-requests@7.4.0 OK for: workbox-build@7.4.0 want: 7.4.0
381 silly placeDep ROOT workbox-recipes@7.4.0 OK for: workbox-build@7.4.0 want: 7.4.0
382 silly placeDep ROOT workbox-routing@7.4.0 OK for: workbox-build@7.4.0 want: 7.4.0
383 silly placeDep ROOT workbox-strategies@7.4.0 OK for: workbox-build@7.4.0 want: 7.4.0
384 silly placeDep ROOT workbox-streams@7.4.0 OK for: workbox-build@7.4.0 want: 7.4.0
385 silly placeDep ROOT workbox-sw@7.4.0 OK for: workbox-build@7.4.0 want: 7.4.0
386 silly fetch manifest leven@^3.1.0
387 silly packumentCache full:https://registry.npmjs.org/leven cache-miss
388 silly fetch manifest json-schema@^0.4.0
389 silly packumentCache full:https://registry.npmjs.org/json-schema cache-miss
390 silly fetch manifest jsonpointer@^5.0.0
391 silly packumentCache full:https://registry.npmjs.org/jsonpointer cache-miss
392 silly fetch manifest @babel/plugin-bugfix-firefox-class-in-computed-class-key@^7.28.5
393 silly packumentCache full:https://registry.npmjs.org/@babel%2fplugin-bugfix-firefox-class-in-computed-class-key cache-miss
394 silly fetch manifest @babel/plugin-bugfix-safari-class-field-initializer-scope@^7.27.1
395 silly packumentCache full:https://registry.npmjs.org/@babel%2fplugin-bugfix-safari-class-field-initializer-scope cache-miss
396 silly fetch manifest @babel/plugin-bugfix-safari-id-destructuring-collision-in-function-expression@^7.27.1
397 silly packumentCache full:https://registry.npmjs.org/@babel%2fplugin-bugfix-safari-id-destructuring-collision-in-function-expression cache-miss
398 silly fetch manifest @babel/plugin-bugfix-v8-spread-parameters-in-optional-chaining@^7.27.1
399 silly packumentCache full:https://registry.npmjs.org/@babel%2fplugin-bugfix-v8-spread-parameters-in-optional-chaining cache-miss
400 http fetch GET 200 https://registry.npmjs.org/leven 44ms (cache miss)
401 silly packumentCache full:https://registry.npmjs.org/leven set size:undefined disposed:false
402 silly fetch manifest @babel/plugin-bugfix-v8-static-class-fields-redefine-readonly@^7.28.3
403 silly packumentCache full:https://registry.npmjs.org/@babel%2fplugin-bugfix-v8-static-class-fields-redefine-readonly cache-miss
404 http fetch GET 200 https://registry.npmjs.org/json-schema 50ms (cache miss)
405 silly packumentCache full:https://registry.npmjs.org/json-schema set size:undefined disposed:false
406 silly fetch manifest @babel/plugin-proposal-private-property-in-object@7.21.0-placeholder-for-preset-env.2
407 silly packumentCache full:https://registry.npmjs.org/@babel%2fplugin-proposal-private-property-in-object cache-miss
408 http fetch GET 200 https://registry.npmjs.org/jsonpointer 51ms (cache miss)
409 silly packumentCache full:https://registry.npmjs.org/jsonpointer set size:undefined disposed:false
410 silly fetch manifest @babel/plugin-syntax-import-assertions@^7.27.1
411 silly packumentCache full:https://registry.npmjs.org/@babel%2fplugin-syntax-import-assertions cache-miss
412 http fetch GET 200 https://registry.npmjs.org/@babel%2fplugin-bugfix-firefox-class-in-computed-class-key 68ms (cache miss)
413 silly packumentCache full:https://registry.npmjs.org/@babel%2fplugin-bugfix-firefox-class-in-computed-class-key set size:undefined disposed:false
414 silly fetch manifest @babel/plugin-syntax-import-attributes@^7.27.1
415 silly packumentCache full:https://registry.npmjs.org/@babel%2fplugin-syntax-import-attributes cache-miss
416 http fetch GET 200 https://registry.npmjs.org/@babel%2fplugin-bugfix-v8-spread-parameters-in-optional-chaining 74ms (cache miss)
417 silly packumentCache full:https://registry.npmjs.org/@babel%2fplugin-bugfix-v8-spread-parameters-in-optional-chaining set size:undefined disposed:false
418 silly fetch manifest @babel/plugin-syntax-unicode-sets-regex@^7.18.6
419 silly packumentCache full:https://registry.npmjs.org/@babel%2fplugin-syntax-unicode-sets-regex cache-miss
420 http fetch GET 200 https://registry.npmjs.org/@babel%2fplugin-bugfix-safari-class-field-initializer-scope 76ms (cache miss)
421 silly packumentCache full:https://registry.npmjs.org/@babel%2fplugin-bugfix-safari-class-field-initializer-scope set size:undefined disposed:false
422 silly fetch manifest @babel/plugin-transform-arrow-functions@^7.27.1
423 silly packumentCache full:https://registry.npmjs.org/@babel%2fplugin-transform-arrow-functions cache-miss
424 http fetch GET 200 https://registry.npmjs.org/@babel%2fplugin-bugfix-safari-id-destructuring-collision-in-function-expression 78ms (cache miss)
425 silly packumentCache full:https://registry.npmjs.org/@babel%2fplugin-bugfix-safari-id-destructuring-collision-in-function-expression set size:undefined disposed:false
426 silly fetch manifest @babel/plugin-transform-async-generator-functions@^7.28.0
427 silly packumentCache full:https://registry.npmjs.org/@babel%2fplugin-transform-async-generator-functions cache-miss
428 http fetch GET 200 https://registry.npmjs.org/@babel%2fplugin-proposal-private-property-in-object 56ms (cache miss)
429 silly packumentCache full:https://registry.npmjs.org/@babel%2fplugin-proposal-private-property-in-object set size:undefined disposed:false
430 silly fetch manifest @babel/plugin-transform-async-to-generator@^7.27.1
431 silly packumentCache full:https://registry.npmjs.org/@babel%2fplugin-transform-async-to-generator cache-miss
432 http fetch GET 200 https://registry.npmjs.org/@babel%2fplugin-bugfix-v8-static-class-fields-redefine-readonly 71ms (cache miss)
433 silly packumentCache full:https://registry.npmjs.org/@babel%2fplugin-bugfix-v8-static-class-fields-redefine-readonly set size:undefined disposed:false
434 silly fetch manifest @babel/plugin-transform-block-scoped-functions@^7.27.1
435 silly packumentCache full:https://registry.npmjs.org/@babel%2fplugin-transform-block-scoped-functions cache-miss
436 http fetch GET 200 https://registry.npmjs.org/@babel%2fplugin-syntax-import-assertions 75ms (cache miss)
437 silly packumentCache full:https://registry.npmjs.org/@babel%2fplugin-syntax-import-assertions set size:undefined disposed:false
438 silly fetch manifest @babel/plugin-transform-block-scoping@^7.28.5
439 silly packumentCache full:https://registry.npmjs.org/@babel%2fplugin-transform-block-scoping cache-miss
440 http fetch GET 200 https://registry.npmjs.org/@babel%2fplugin-syntax-import-attributes 61ms (cache miss)
441 silly packumentCache full:https://registry.npmjs.org/@babel%2fplugin-syntax-import-attributes set size:undefined disposed:false
442 silly fetch manifest @babel/plugin-transform-class-properties@^7.27.1
443 silly packumentCache full:https://registry.npmjs.org/@babel%2fplugin-transform-class-properties cache-miss
444 http fetch GET 200 https://registry.npmjs.org/@babel%2fplugin-syntax-unicode-sets-regex 63ms (cache miss)
445 silly packumentCache full:https://registry.npmjs.org/@babel%2fplugin-syntax-unicode-sets-regex set size:undefined disposed:false
446 silly fetch manifest @babel/plugin-transform-class-static-block@^7.28.3
447 silly packumentCache full:https://registry.npmjs.org/@babel%2fplugin-transform-class-static-block cache-miss
448 http fetch GET 200 https://registry.npmjs.org/@babel%2fplugin-transform-arrow-functions 71ms (cache miss)
449 silly packumentCache full:https://registry.npmjs.org/@babel%2fplugin-transform-arrow-functions set size:undefined disposed:false
450 silly fetch manifest @babel/plugin-transform-classes@^7.28.4
451 silly packumentCache full:https://registry.npmjs.org/@babel%2fplugin-transform-classes cache-miss
452 http fetch GET 200 https://registry.npmjs.org/@babel%2fplugin-transform-async-to-generator 56ms (cache miss)
453 silly packumentCache full:https://registry.npmjs.org/@babel%2fplugin-transform-async-to-generator set size:undefined disposed:false
454 silly fetch manifest @babel/plugin-transform-computed-properties@^7.27.1
455 silly packumentCache full:https://registry.npmjs.org/@babel%2fplugin-transform-computed-properties cache-miss
456 http fetch GET 200 https://registry.npmjs.org/@babel%2fplugin-transform-async-generator-functions 98ms (cache miss)
457 silly packumentCache full:https://registry.npmjs.org/@babel%2fplugin-transform-async-generator-functions set size:undefined disposed:false
458 silly fetch manifest @babel/plugin-transform-destructuring@^7.28.5
459 silly packumentCache full:https://registry.npmjs.org/@babel%2fplugin-transform-destructuring cache-miss
460 http fetch GET 200 https://registry.npmjs.org/@babel%2fplugin-transform-block-scoped-functions 63ms (cache miss)
461 silly packumentCache full:https://registry.npmjs.org/@babel%2fplugin-transform-block-scoped-functions set size:undefined disposed:false
462 silly fetch manifest @babel/plugin-transform-dotall-regex@^7.27.1
463 silly packumentCache full:https://registry.npmjs.org/@babel%2fplugin-transform-dotall-regex cache-miss
464 http fetch GET 200 https://registry.npmjs.org/@babel%2fplugin-transform-class-properties 61ms (cache miss)
465 silly packumentCache full:https://registry.npmjs.org/@babel%2fplugin-transform-class-properties set size:undefined disposed:false
466 silly fetch manifest @babel/plugin-transform-duplicate-keys@^7.27.1
467 silly packumentCache full:https://registry.npmjs.org/@babel%2fplugin-transform-duplicate-keys cache-miss
468 http fetch GET 200 https://registry.npmjs.org/@babel%2fplugin-transform-class-static-block 61ms (cache miss)
469 silly packumentCache full:https://registry.npmjs.org/@babel%2fplugin-transform-class-static-block set size:undefined disposed:false
470 silly fetch manifest @babel/plugin-transform-duplicate-named-capturing-groups-regex@^7.27.1
471 silly packumentCache full:https://registry.npmjs.org/@babel%2fplugin-transform-duplicate-named-capturing-groups-regex cache-miss
472 http fetch GET 200 https://registry.npmjs.org/@babel%2fplugin-transform-classes 58ms (cache miss)
473 silly packumentCache full:https://registry.npmjs.org/@babel%2fplugin-transform-classes set size:undefined disposed:false
474 silly fetch manifest @babel/plugin-transform-dynamic-import@^7.27.1
475 silly packumentCache full:https://registry.npmjs.org/@babel%2fplugin-transform-dynamic-import cache-miss
476 http fetch GET 200 https://registry.npmjs.org/@babel%2fplugin-transform-block-scoping 87ms (cache miss)
477 silly packumentCache full:https://registry.npmjs.org/@babel%2fplugin-transform-block-scoping set size:undefined disposed:false
478 silly fetch manifest @babel/plugin-transform-explicit-resource-management@^7.28.0
479 silly packumentCache full:https://registry.npmjs.org/@babel%2fplugin-transform-explicit-resource-management cache-miss
480 http fetch GET 200 https://registry.npmjs.org/@babel%2fplugin-transform-computed-properties 59ms (cache miss)
481 silly packumentCache full:https://registry.npmjs.org/@babel%2fplugin-transform-computed-properties set size:undefined disposed:false
482 silly fetch manifest @babel/plugin-transform-exponentiation-operator@^7.28.5
483 silly packumentCache full:https://registry.npmjs.org/@babel%2fplugin-transform-exponentiation-operator cache-miss
484 http fetch GET 200 https://registry.npmjs.org/@babel%2fplugin-transform-dotall-regex 65ms (cache miss)
485 silly packumentCache full:https://registry.npmjs.org/@babel%2fplugin-transform-dotall-regex set size:undefined disposed:false
486 silly fetch manifest @babel/plugin-transform-export-namespace-from@^7.27.1
487 silly packumentCache full:https://registry.npmjs.org/@babel%2fplugin-transform-export-namespace-from cache-miss
488 http fetch GET 200 https://registry.npmjs.org/@babel%2fplugin-transform-destructuring 70ms (cache miss)
489 silly packumentCache full:https://registry.npmjs.org/@babel%2fplugin-transform-destructuring set size:undefined disposed:false
490 silly fetch manifest @babel/plugin-transform-for-of@^7.27.1
491 silly packumentCache full:https://registry.npmjs.org/@babel%2fplugin-transform-for-of cache-miss
492 http fetch GET 200 https://registry.npmjs.org/@babel%2fplugin-transform-duplicate-keys 65ms (cache miss)
493 silly packumentCache full:https://registry.npmjs.org/@babel%2fplugin-transform-duplicate-keys set size:undefined disposed:false
494 silly fetch manifest @babel/plugin-transform-function-name@^7.27.1
495 silly packumentCache full:https://registry.npmjs.org/@babel%2fplugin-transform-function-name cache-miss
496 http fetch GET 200 https://registry.npmjs.org/@babel%2fplugin-transform-duplicate-named-capturing-groups-regex 74ms (cache miss)
497 silly packumentCache full:https://registry.npmjs.org/@babel%2fplugin-transform-duplicate-named-capturing-groups-regex set size:undefined disposed:false
498 silly fetch manifest @babel/plugin-transform-json-strings@^7.27.1
499 silly packumentCache full:https://registry.npmjs.org/@babel%2fplugin-transform-json-strings cache-miss
500 http fetch GET 200 https://registry.npmjs.org/@babel%2fplugin-transform-explicit-resource-management 68ms (cache miss)
501 silly packumentCache full:https://registry.npmjs.org/@babel%2fplugin-transform-explicit-resource-management set size:undefined disposed:false
502 silly fetch manifest @babel/plugin-transform-literals@^7.27.1
503 silly packumentCache full:https://registry.npmjs.org/@babel%2fplugin-transform-literals cache-miss
504 http fetch GET 200 https://registry.npmjs.org/@babel%2fplugin-transform-dynamic-import 77ms (cache miss)
505 silly packumentCache full:https://registry.npmjs.org/@babel%2fplugin-transform-dynamic-import set size:undefined disposed:false
506 silly fetch manifest @babel/plugin-transform-logical-assignment-operators@^7.28.5
507 silly packumentCache full:https://registry.npmjs.org/@babel%2fplugin-transform-logical-assignment-operators cache-miss
508 http fetch GET 200 https://registry.npmjs.org/@babel%2fplugin-transform-exponentiation-operator 75ms (cache miss)
509 silly packumentCache full:https://registry.npmjs.org/@babel%2fplugin-transform-exponentiation-operator set size:undefined disposed:false
510 silly fetch manifest @babel/plugin-transform-member-expression-literals@^7.27.1
511 silly packumentCache full:https://registry.npmjs.org/@babel%2fplugin-transform-member-expression-literals cache-miss
512 http fetch GET 200 https://registry.npmjs.org/@babel%2fplugin-transform-export-namespace-from 66ms (cache miss)
513 silly packumentCache full:https://registry.npmjs.org/@babel%2fplugin-transform-export-namespace-from set size:undefined disposed:false
514 silly fetch manifest @babel/plugin-transform-modules-amd@^7.27.1
515 silly packumentCache full:https://registry.npmjs.org/@babel%2fplugin-transform-modules-amd cache-miss
516 http fetch GET 200 https://registry.npmjs.org/@babel%2fplugin-transform-for-of 72ms (cache miss)
517 silly packumentCache full:https://registry.npmjs.org/@babel%2fplugin-transform-for-of set size:undefined disposed:false
518 silly fetch manifest @babel/plugin-transform-modules-commonjs@^7.27.1
519 silly packumentCache full:https://registry.npmjs.org/@babel%2fplugin-transform-modules-commonjs cache-miss
520 http fetch GET 200 https://registry.npmjs.org/@babel%2fplugin-transform-function-name 69ms (cache miss)
521 silly packumentCache full:https://registry.npmjs.org/@babel%2fplugin-transform-function-name set size:undefined disposed:false
522 silly fetch manifest @babel/plugin-transform-modules-systemjs@^7.28.5
523 silly packumentCache full:https://registry.npmjs.org/@babel%2fplugin-transform-modules-systemjs cache-miss
524 http fetch GET 200 https://registry.npmjs.org/@babel%2fplugin-transform-json-strings 64ms (cache miss)
525 silly packumentCache full:https://registry.npmjs.org/@babel%2fplugin-transform-json-strings set size:undefined disposed:false
526 silly fetch manifest @babel/plugin-transform-modules-umd@^7.27.1
527 silly packumentCache full:https://registry.npmjs.org/@babel%2fplugin-transform-modules-umd cache-miss
528 http fetch GET 200 https://registry.npmjs.org/@babel%2fplugin-transform-logical-assignment-operators 60ms (cache miss)
529 silly packumentCache full:https://registry.npmjs.org/@babel%2fplugin-transform-logical-assignment-operators set size:undefined disposed:false
530 silly fetch manifest @babel/plugin-transform-named-capturing-groups-regex@^7.27.1
531 silly packumentCache full:https://registry.npmjs.org/@babel%2fplugin-transform-named-capturing-groups-regex cache-miss
532 http fetch GET 200 https://registry.npmjs.org/@babel%2fplugin-transform-literals 68ms (cache miss)
533 silly packumentCache full:https://registry.npmjs.org/@babel%2fplugin-transform-literals set size:undefined disposed:false
534 silly fetch manifest @babel/plugin-transform-new-target@^7.27.1
535 silly packumentCache full:https://registry.npmjs.org/@babel%2fplugin-transform-new-target cache-miss
536 http fetch GET 200 https://registry.npmjs.org/@babel%2fplugin-transform-modules-amd 61ms (cache miss)
537 silly packumentCache full:https://registry.npmjs.org/@babel%2fplugin-transform-modules-amd set size:undefined disposed:false
538 silly fetch manifest @babel/plugin-transform-nullish-coalescing-operator@^7.27.1
539 silly packumentCache full:https://registry.npmjs.org/@babel%2fplugin-transform-nullish-coalescing-operator cache-miss
540 http fetch GET 200 https://registry.npmjs.org/@babel%2fplugin-transform-member-expression-literals 77ms (cache miss)
541 silly packumentCache full:https://registry.npmjs.org/@babel%2fplugin-transform-member-expression-literals set size:undefined disposed:false
542 silly fetch manifest @babel/plugin-transform-numeric-separator@^7.27.1
543 silly packumentCache full:https://registry.npmjs.org/@babel%2fplugin-transform-numeric-separator cache-miss
544 http fetch GET 200 https://registry.npmjs.org/@babel%2fplugin-transform-modules-commonjs 71ms (cache miss)
545 silly packumentCache full:https://registry.npmjs.org/@babel%2fplugin-transform-modules-commonjs set size:undefined disposed:false
546 silly fetch manifest @babel/plugin-transform-object-rest-spread@^7.28.4
547 silly packumentCache full:https://registry.npmjs.org/@babel%2fplugin-transform-object-rest-spread cache-miss
548 http fetch GET 200 https://registry.npmjs.org/@babel%2fplugin-transform-new-target 66ms (cache miss)
549 silly packumentCache full:https://registry.npmjs.org/@babel%2fplugin-transform-new-target set size:undefined disposed:false
550 silly fetch manifest @babel/plugin-transform-object-super@^7.27.1
551 silly packumentCache full:https://registry.npmjs.org/@babel%2fplugin-transform-object-super cache-miss
552 http fetch GET 200 https://registry.npmjs.org/@babel%2fplugin-transform-named-capturing-groups-regex 74ms (cache miss)
553 silly packumentCache full:https://registry.npmjs.org/@babel%2fplugin-transform-named-capturing-groups-regex set size:undefined disposed:false
554 silly fetch manifest @babel/plugin-transform-optional-catch-binding@^7.27.1
555 silly packumentCache full:https://registry.npmjs.org/@babel%2fplugin-transform-optional-catch-binding cache-miss
556 http fetch GET 200 https://registry.npmjs.org/@babel%2fplugin-transform-numeric-separator 51ms (cache miss)
557 silly packumentCache full:https://registry.npmjs.org/@babel%2fplugin-transform-numeric-separator set size:undefined disposed:false
558 silly fetch manifest @babel/plugin-transform-optional-chaining@^7.28.5
559 silly packumentCache full:https://registry.npmjs.org/@babel%2fplugin-transform-optional-chaining cache-miss
560 http fetch GET 200 https://registry.npmjs.org/@babel%2fplugin-transform-modules-systemjs 110ms (cache miss)
561 silly packumentCache full:https://registry.npmjs.org/@babel%2fplugin-transform-modules-systemjs set size:undefined disposed:false
562 silly fetch manifest @babel/plugin-transform-parameters@^7.27.7
563 silly packumentCache full:https://registry.npmjs.org/@babel%2fplugin-transform-parameters cache-miss
564 http fetch GET 200 https://registry.npmjs.org/@babel%2fplugin-transform-object-rest-spread 64ms (cache miss)
565 silly packumentCache full:https://registry.npmjs.org/@babel%2fplugin-transform-object-rest-spread set size:undefined disposed:false
566 silly fetch manifest @babel/plugin-transform-private-methods@^7.27.1
567 silly packumentCache full:https://registry.npmjs.org/@babel%2fplugin-transform-private-methods cache-miss
568 http fetch GET 200 https://registry.npmjs.org/@babel%2fplugin-transform-nullish-coalescing-operator 90ms (cache miss)
569 silly packumentCache full:https://registry.npmjs.org/@babel%2fplugin-transform-nullish-coalescing-operator set size:undefined disposed:false
570 silly fetch manifest @babel/plugin-transform-private-property-in-object@^7.27.1
571 silly packumentCache full:https://registry.npmjs.org/@babel%2fplugin-transform-private-property-in-object cache-miss
572 http fetch GET 200 https://registry.npmjs.org/@babel%2fplugin-transform-object-super 67ms (cache miss)
573 silly packumentCache full:https://registry.npmjs.org/@babel%2fplugin-transform-object-super set size:undefined disposed:false
574 silly fetch manifest @babel/plugin-transform-property-literals@^7.27.1
575 silly packumentCache full:https://registry.npmjs.org/@babel%2fplugin-transform-property-literals cache-miss
576 http fetch GET 200 https://registry.npmjs.org/@babel%2fplugin-transform-optional-catch-binding 68ms (cache miss)
577 silly packumentCache full:https://registry.npmjs.org/@babel%2fplugin-transform-optional-catch-binding set size:undefined disposed:false
578 silly fetch manifest @babel/plugin-transform-regenerator@^7.28.4
579 silly packumentCache full:https://registry.npmjs.org/@babel%2fplugin-transform-regenerator cache-miss
580 http fetch GET 200 https://registry.npmjs.org/@babel%2fplugin-transform-optional-chaining 60ms (cache miss)
581 silly packumentCache full:https://registry.npmjs.org/@babel%2fplugin-transform-optional-chaining set size:undefined disposed:false
582 silly fetch manifest @babel/plugin-transform-regexp-modifiers@^7.27.1
583 silly packumentCache full:https://registry.npmjs.org/@babel%2fplugin-transform-regexp-modifiers cache-miss
584 http fetch GET 200 https://registry.npmjs.org/@babel%2fplugin-transform-modules-umd 189ms (cache miss)
585 silly packumentCache full:https://registry.npmjs.org/@babel%2fplugin-transform-modules-umd set size:undefined disposed:false
586 silly fetch manifest @babel/plugin-transform-reserved-words@^7.27.1
587 silly packumentCache full:https://registry.npmjs.org/@babel%2fplugin-transform-reserved-words cache-miss
588 http fetch GET 200 https://registry.npmjs.org/@babel%2fplugin-transform-parameters 94ms (cache miss)
589 silly packumentCache full:https://registry.npmjs.org/@babel%2fplugin-transform-parameters set size:undefined disposed:false
590 silly fetch manifest @babel/plugin-transform-shorthand-properties@^7.27.1
591 silly packumentCache full:https://registry.npmjs.org/@babel%2fplugin-transform-shorthand-properties cache-miss
592 http fetch GET 200 https://registry.npmjs.org/@babel%2fplugin-transform-private-property-in-object 68ms (cache miss)
593 silly packumentCache full:https://registry.npmjs.org/@babel%2fplugin-transform-private-property-in-object set size:undefined disposed:false
594 silly fetch manifest @babel/plugin-transform-spread@^7.27.1
595 silly packumentCache full:https://registry.npmjs.org/@babel%2fplugin-transform-spread cache-miss
596 http fetch GET 200 https://registry.npmjs.org/@babel%2fplugin-transform-private-methods 81ms (cache miss)
597 silly packumentCache full:https://registry.npmjs.org/@babel%2fplugin-transform-private-methods set size:undefined disposed:false
598 silly fetch manifest @babel/plugin-transform-sticky-regex@^7.27.1
599 silly packumentCache full:https://registry.npmjs.org/@babel%2fplugin-transform-sticky-regex cache-miss
600 http fetch GET 200 https://registry.npmjs.org/@babel%2fplugin-transform-regexp-modifiers 57ms (cache miss)
601 silly packumentCache full:https://registry.npmjs.org/@babel%2fplugin-transform-regexp-modifiers set size:undefined disposed:false
602 silly fetch manifest @babel/plugin-transform-template-literals@^7.27.1
603 silly packumentCache full:https://registry.npmjs.org/@babel%2fplugin-transform-template-literals cache-miss
604 http fetch GET 200 https://registry.npmjs.org/@babel%2fplugin-transform-regenerator 60ms (cache miss)
605 silly packumentCache full:https://registry.npmjs.org/@babel%2fplugin-transform-regenerator set size:undefined disposed:false
606 silly fetch manifest @babel/plugin-transform-typeof-symbol@^7.27.1
607 silly packumentCache full:https://registry.npmjs.org/@babel%2fplugin-transform-typeof-symbol cache-miss
608 http fetch GET 200 https://registry.npmjs.org/@babel%2fplugin-transform-property-literals 79ms (cache miss)
609 silly packumentCache full:https://registry.npmjs.org/@babel%2fplugin-transform-property-literals set size:undefined disposed:false
610 silly fetch manifest @babel/plugin-transform-unicode-escapes@^7.27.1
611 silly packumentCache full:https://registry.npmjs.org/@babel%2fplugin-transform-unicode-escapes cache-miss
612 http fetch GET 200 https://registry.npmjs.org/@babel%2fplugin-transform-shorthand-properties 68ms (cache miss)
613 silly packumentCache full:https://registry.npmjs.org/@babel%2fplugin-transform-shorthand-properties set size:undefined disposed:false
614 silly fetch manifest @babel/plugin-transform-unicode-property-regex@^7.27.1
615 silly packumentCache full:https://registry.npmjs.org/@babel%2fplugin-transform-unicode-property-regex cache-miss
616 http fetch GET 200 https://registry.npmjs.org/@babel%2fplugin-transform-sticky-regex 67ms (cache miss)
617 silly packumentCache full:https://registry.npmjs.org/@babel%2fplugin-transform-sticky-regex set size:undefined disposed:false
618 silly fetch manifest @babel/plugin-transform-unicode-regex@^7.27.1
619 silly packumentCache full:https://registry.npmjs.org/@babel%2fplugin-transform-unicode-regex cache-miss
620 http fetch GET 200 https://registry.npmjs.org/@babel%2fplugin-transform-typeof-symbol 59ms (cache miss)
621 silly packumentCache full:https://registry.npmjs.org/@babel%2fplugin-transform-typeof-symbol set size:undefined disposed:false
622 silly fetch manifest @babel/plugin-transform-unicode-sets-regex@^7.27.1
623 silly packumentCache full:https://registry.npmjs.org/@babel%2fplugin-transform-unicode-sets-regex cache-miss
624 http fetch GET 200 https://registry.npmjs.org/@babel%2fplugin-transform-template-literals 65ms (cache miss)
625 silly packumentCache full:https://registry.npmjs.org/@babel%2fplugin-transform-template-literals set size:undefined disposed:false
626 silly fetch manifest @babel/preset-modules@0.1.6-no-external-plugins
627 silly packumentCache full:https://registry.npmjs.org/@babel%2fpreset-modules cache-miss
628 http fetch GET 200 https://registry.npmjs.org/@babel%2fplugin-transform-spread 80ms (cache miss)
629 silly packumentCache full:https://registry.npmjs.org/@babel%2fplugin-transform-spread set size:undefined disposed:false
630 silly fetch manifest babel-plugin-polyfill-corejs2@^0.4.14
631 silly packumentCache full:https://registry.npmjs.org/babel-plugin-polyfill-corejs2 cache-miss
632 http fetch GET 200 https://registry.npmjs.org/@babel%2fplugin-transform-reserved-words 91ms (cache miss)
633 silly packumentCache full:https://registry.npmjs.org/@babel%2fplugin-transform-reserved-words set size:undefined disposed:false
634 silly fetch manifest babel-plugin-polyfill-corejs3@^0.13.0
635 silly packumentCache full:https://registry.npmjs.org/babel-plugin-polyfill-corejs3 cache-miss
636 http fetch GET 200 https://registry.npmjs.org/@babel%2fplugin-transform-unicode-property-regex 58ms (cache miss)
637 silly packumentCache full:https://registry.npmjs.org/@babel%2fplugin-transform-unicode-property-regex set size:undefined disposed:false
638 silly fetch manifest babel-plugin-polyfill-regenerator@^0.6.5
639 silly packumentCache full:https://registry.npmjs.org/babel-plugin-polyfill-regenerator cache-miss
640 http fetch GET 200 https://registry.npmjs.org/@babel%2fplugin-transform-unicode-sets-regex 54ms (cache miss)
641 silly packumentCache full:https://registry.npmjs.org/@babel%2fplugin-transform-unicode-sets-regex set size:undefined disposed:false
642 silly fetch manifest core-js-compat@^3.43.0
643 silly packumentCache full:https://registry.npmjs.org/core-js-compat cache-miss
644 http fetch GET 200 https://registry.npmjs.org/@babel%2fplugin-transform-unicode-escapes 102ms (cache miss)
645 silly packumentCache full:https://registry.npmjs.org/@babel%2fplugin-transform-unicode-escapes set size:undefined disposed:false
646 silly fetch manifest @rollup/pluginutils@^3.1.0
647 silly packumentCache full:https://registry.npmjs.org/@rollup%2fpluginutils cache-miss
648 http fetch GET 200 https://registry.npmjs.org/babel-plugin-polyfill-corejs2 54ms (cache miss)
649 silly packumentCache full:https://registry.npmjs.org/babel-plugin-polyfill-corejs2 set size:undefined disposed:false
650 silly fetch manifest deepmerge@^4.2.2
651 silly packumentCache full:https://registry.npmjs.org/deepmerge cache-miss
652 http fetch GET 200 https://registry.npmjs.org/@babel%2fpreset-modules 60ms (cache miss)
653 silly packumentCache full:https://registry.npmjs.org/@babel%2fpreset-modules set size:undefined disposed:false
654 silly fetch manifest is-module@^1.0.0
655 silly packumentCache full:https://registry.npmjs.org/is-module cache-miss
656 http fetch GET 200 https://registry.npmjs.org/@babel%2fplugin-transform-unicode-regex 67ms (cache miss)
657 silly packumentCache full:https://registry.npmjs.org/@babel%2fplugin-transform-unicode-regex set size:undefined disposed:false
658 silly fetch manifest @types/resolve@1.20.2
659 silly packumentCache full:https://registry.npmjs.org/@types%2fresolve cache-miss
660 http fetch GET 200 https://registry.npmjs.org/babel-plugin-polyfill-corejs3 62ms (cache miss)
661 silly packumentCache full:https://registry.npmjs.org/babel-plugin-polyfill-corejs3 set size:undefined disposed:false
662 silly fetch manifest @rollup/pluginutils@^5.0.1
663 silly packumentCache full:https://registry.npmjs.org/@rollup%2fpluginutils cache-miss
664 http fetch GET 200 https://registry.npmjs.org/babel-plugin-polyfill-regenerator 51ms (cache miss)
665 silly packumentCache full:https://registry.npmjs.org/babel-plugin-polyfill-regenerator set size:undefined disposed:false
666 silly fetch manifest magic-string@^0.25.7
667 silly packumentCache full:https://registry.npmjs.org/magic-string cache-miss
668 http fetch GET 200 https://registry.npmjs.org/core-js-compat 51ms (cache miss)
669 silly packumentCache full:https://registry.npmjs.org/core-js-compat set size:undefined disposed:false
670 silly fetch manifest @rollup/pluginutils@^3.1.0
671 silly packumentCache full:https://registry.npmjs.org/@rollup%2fpluginutils cache-miss
672 http fetch GET 200 https://registry.npmjs.org/deepmerge 53ms (cache miss)
673 silly packumentCache full:https://registry.npmjs.org/deepmerge set size:undefined disposed:false
674 silly fetch manifest serialize-javascript@^6.0.1
675 silly packumentCache full:https://registry.npmjs.org/serialize-javascript cache-miss
676 http fetch GET 200 https://registry.npmjs.org/is-module 56ms (cache miss)
677 silly packumentCache full:https://registry.npmjs.org/is-module set size:undefined disposed:false
678 silly fetch manifest smob@^1.0.0
679 silly packumentCache full:https://registry.npmjs.org/smob cache-miss
680 http fetch GET 200 https://registry.npmjs.org/@types%2fresolve 68ms (cache miss)
681 silly packumentCache full:https://registry.npmjs.org/@types%2fresolve set size:undefined disposed:false
682 silly fetch manifest terser@^5.17.4
683 silly packumentCache full:https://registry.npmjs.org/terser cache-miss
684 http fetch GET 200 https://registry.npmjs.org/@rollup%2fpluginutils 82ms (cache miss)
685 silly packumentCache full:https://registry.npmjs.org/@rollup%2fpluginutils set size:undefined disposed:false
686 silly fetch manifest ejs@^3.1.6
687 silly packumentCache full:https://registry.npmjs.org/ejs cache-miss
688 http fetch GET 200 https://registry.npmjs.org/magic-string 50ms (cache miss)
689 silly packumentCache full:https://registry.npmjs.org/magic-string set size:undefined disposed:false
690 silly fetch manifest magic-string@^0.25.0
691 silly packumentCache full:https://registry.npmjs.org/magic-string cache-miss
692 http cache https://registry.npmjs.org/magic-string 1ms (cache hit)
693 silly packumentCache full:https://registry.npmjs.org/magic-string set size:331817 disposed:false
694 silly fetch manifest string.prototype.matchall@^4.0.6
695 silly packumentCache full:https://registry.npmjs.org/string.prototype.matchall cache-miss
696 http fetch GET 200 https://registry.npmjs.org/serialize-javascript 54ms (cache miss)
697 silly packumentCache full:https://registry.npmjs.org/serialize-javascript set size:undefined disposed:false
698 silly fetch manifest fast-uri@^3.0.1
699 silly packumentCache full:https://registry.npmjs.org/fast-uri cache-miss
700 http fetch GET 200 https://registry.npmjs.org/smob 59ms (cache miss)
701 silly packumentCache full:https://registry.npmjs.org/smob set size:undefined disposed:false
702 silly fetch manifest json-schema-traverse@^1.0.0
703 silly packumentCache full:https://registry.npmjs.org/json-schema-traverse cache-miss
704 http fetch GET 200 https://registry.npmjs.org/@rollup%2fpluginutils 79ms (cache miss)
705 silly packumentCache full:https://registry.npmjs.org/@rollup%2fpluginutils set size:undefined disposed:false
706 silly fetch manifest jsonfile@^6.0.1
707 silly packumentCache full:https://registry.npmjs.org/jsonfile cache-miss
708 http fetch GET 200 https://registry.npmjs.org/terser 56ms (cache miss)
709 silly packumentCache full:https://registry.npmjs.org/terser set size:undefined disposed:false
710 silly fetch manifest graceful-fs@^4.2.0
711 silly packumentCache full:https://registry.npmjs.org/graceful-fs cache-miss
712 http fetch GET 200 https://registry.npmjs.org/string.prototype.matchall 40ms (cache miss)
713 silly packumentCache full:https://registry.npmjs.org/string.prototype.matchall set size:undefined disposed:false
714 silly fetch manifest universalify@^2.0.0
715 silly packumentCache full:https://registry.npmjs.org/universalify cache-miss
716 http fetch GET 200 https://registry.npmjs.org/ejs 58ms (cache miss)
717 silly packumentCache full:https://registry.npmjs.org/ejs set size:undefined disposed:false
718 silly fetch manifest at-least-node@^1.0.0
719 silly packumentCache full:https://registry.npmjs.org/at-least-node cache-miss
720 http fetch GET 200 https://registry.npmjs.org/fast-uri 46ms (cache miss)
721 silly packumentCache full:https://registry.npmjs.org/fast-uri set size:undefined disposed:false
722 silly fetch manifest minipass@^7.1.2
723 silly packumentCache full:https://registry.npmjs.org/minipass cache-miss
724 http fetch GET 200 https://registry.npmjs.org/@rollup%2fpluginutils 143ms (cache miss)
725 silly packumentCache full:https://registry.npmjs.org/@rollup%2fpluginutils set size:undefined disposed:false
726 silly fetch manifest jackspeak@^4.1.1
727 silly packumentCache full:https://registry.npmjs.org/jackspeak cache-miss
728 http fetch GET 200 https://registry.npmjs.org/json-schema-traverse 48ms (cache miss)
729 silly packumentCache full:https://registry.npmjs.org/json-schema-traverse set size:undefined disposed:false
730 silly fetch manifest minimatch@^10.1.1
731 silly packumentCache full:https://registry.npmjs.org/minimatch cache-miss
732 http fetch GET 200 https://registry.npmjs.org/jsonfile 48ms (cache miss)
733 silly packumentCache full:https://registry.npmjs.org/jsonfile set size:undefined disposed:false
734 silly fetch manifest path-scurry@^2.0.0
735 silly packumentCache full:https://registry.npmjs.org/path-scurry cache-miss
736 http fetch GET 200 https://registry.npmjs.org/graceful-fs 44ms (cache miss)
737 silly packumentCache full:https://registry.npmjs.org/graceful-fs set size:undefined disposed:false
738 silly fetch manifest foreground-child@^3.3.1
739 silly packumentCache full:https://registry.npmjs.org/foreground-child cache-miss
740 http fetch GET 200 https://registry.npmjs.org/universalify 51ms (cache miss)
741 silly packumentCache full:https://registry.npmjs.org/universalify set size:undefined disposed:false
742 silly fetch manifest package-json-from-dist@^1.0.0
743 silly packumentCache full:https://registry.npmjs.org/package-json-from-dist cache-miss
744 http fetch GET 200 https://registry.npmjs.org/at-least-node 56ms (cache miss)
745 silly packumentCache full:https://registry.npmjs.org/at-least-node set size:undefined disposed:false
746 silly fetch manifest whatwg-url@^7.0.0
747 silly packumentCache full:https://registry.npmjs.org/whatwg-url cache-miss
748 http fetch GET 200 https://registry.npmjs.org/minipass 68ms (cache miss)
749 silly packumentCache full:https://registry.npmjs.org/minipass set size:undefined disposed:false
750 silly fetch manifest is-obj@^1.0.1
751 silly packumentCache full:https://registry.npmjs.org/is-obj cache-miss
752 http fetch GET 200 https://registry.npmjs.org/foreground-child 48ms (cache miss)
753 silly packumentCache full:https://registry.npmjs.org/foreground-child set size:undefined disposed:false
754 silly fetch manifest is-regexp@^1.0.0
755 silly packumentCache full:https://registry.npmjs.org/is-regexp cache-miss
756 http fetch GET 200 https://registry.npmjs.org/path-scurry 57ms (cache miss)
757 silly packumentCache full:https://registry.npmjs.org/path-scurry set size:undefined disposed:false
758 silly fetch manifest get-own-enumerable-property-symbols@^3.0.0
759 silly packumentCache full:https://registry.npmjs.org/get-own-enumerable-property-symbols cache-miss
760 http fetch GET 200 https://registry.npmjs.org/minimatch 65ms (cache miss)
761 silly packumentCache full:https://registry.npmjs.org/minimatch set size:undefined disposed:false
762 silly fetch manifest is-stream@^2.0.0
763 silly packumentCache full:https://registry.npmjs.org/is-stream cache-miss
764 http fetch GET 200 https://registry.npmjs.org/package-json-from-dist 50ms (cache miss)
765 silly packumentCache full:https://registry.npmjs.org/package-json-from-dist set size:undefined disposed:false
766 silly fetch manifest temp-dir@^2.0.0
767 silly packumentCache full:https://registry.npmjs.org/temp-dir cache-miss
768 http fetch GET 200 https://registry.npmjs.org/jackspeak 91ms (cache miss)
769 silly packumentCache full:https://registry.npmjs.org/jackspeak set size:undefined disposed:false
770 silly fetch manifest type-fest@^0.16.0
771 silly packumentCache full:https://registry.npmjs.org/type-fest cache-miss
772 http fetch GET 200 https://registry.npmjs.org/whatwg-url 56ms (cache miss)
773 silly packumentCache full:https://registry.npmjs.org/whatwg-url set size:undefined disposed:false
774 silly fetch manifest unique-string@^2.0.0
775 silly packumentCache full:https://registry.npmjs.org/unique-string cache-miss
776 http fetch GET 200 https://registry.npmjs.org/is-obj 52ms (cache miss)
777 silly packumentCache full:https://registry.npmjs.org/is-obj set size:undefined disposed:false
778 silly fetch manifest idb@^7.0.1
779 silly packumentCache full:https://registry.npmjs.org/idb cache-miss
780 http fetch GET 200 https://registry.npmjs.org/get-own-enumerable-property-symbols 46ms (cache miss)
781 silly packumentCache full:https://registry.npmjs.org/get-own-enumerable-property-symbols set size:undefined disposed:false
782 silly fetch manifest idb@^7.0.1
783 silly packumentCache full:https://registry.npmjs.org/idb cache-miss
784 http fetch GET 200 https://registry.npmjs.org/is-stream 54ms (cache miss)
785 silly packumentCache full:https://registry.npmjs.org/is-stream set size:undefined disposed:false
786 http fetch GET 200 https://registry.npmjs.org/temp-dir 52ms (cache miss)
787 silly packumentCache full:https://registry.npmjs.org/temp-dir set size:undefined disposed:false
788 http fetch GET 200 https://registry.npmjs.org/type-fest 61ms (cache miss)
789 silly packumentCache full:https://registry.npmjs.org/type-fest set size:undefined disposed:false
790 http fetch GET 200 https://registry.npmjs.org/unique-string 61ms (cache miss)
791 silly packumentCache full:https://registry.npmjs.org/unique-string set size:undefined disposed:false
792 http fetch GET 200 https://registry.npmjs.org/idb 45ms (cache miss)
793 silly packumentCache full:https://registry.npmjs.org/idb set size:undefined disposed:false
794 http fetch GET 200 https://registry.npmjs.org/idb 49ms (cache miss)
795 silly packumentCache full:https://registry.npmjs.org/idb set size:undefined disposed:false
796 http fetch GET 200 https://registry.npmjs.org/is-regexp 117ms (cache miss)
797 silly packumentCache full:https://registry.npmjs.org/is-regexp set size:undefined disposed:false
798 silly placeDep ROOT json-schema@0.4.0 OK for: @apideck/better-ajv-errors@0.3.6 want: ^0.4.0
799 silly placeDep ROOT jsonpointer@5.0.1 OK for: @apideck/better-ajv-errors@0.3.6 want: ^5.0.0
800 silly placeDep ROOT leven@3.1.0 OK for: @apideck/better-ajv-errors@0.3.6 want: ^3.1.0
801 silly placeDep ROOT @babel/plugin-bugfix-firefox-class-in-computed-class-key@7.28.5 OK for: @babel/preset-env@7.28.5 want: ^7.28.5
802 silly placeDep ROOT @babel/plugin-bugfix-safari-class-field-initializer-scope@7.27.1 OK for: @babel/preset-env@7.28.5 want: ^7.27.1
803 silly placeDep ROOT @babel/plugin-bugfix-safari-id-destructuring-collision-in-function-expression@7.27.1 OK for: @babel/preset-env@7.28.5 want: ^7.27.1
804 silly placeDep ROOT @babel/plugin-bugfix-v8-spread-parameters-in-optional-chaining@7.27.1 OK for: @babel/preset-env@7.28.5 want: ^7.27.1
805 silly placeDep ROOT @babel/plugin-bugfix-v8-static-class-fields-redefine-readonly@7.28.3 OK for: @babel/preset-env@7.28.5 want: ^7.28.3
806 silly placeDep ROOT @babel/plugin-proposal-private-property-in-object@7.21.0-placeholder-for-preset-env.2 OK for: @babel/preset-env@7.28.5 want: 7.21.0-placeholder-for-preset-env.2
807 silly placeDep ROOT @babel/plugin-syntax-import-assertions@7.27.1 OK for: @babel/preset-env@7.28.5 want: ^7.27.1
808 silly placeDep ROOT @babel/plugin-syntax-import-attributes@7.27.1 OK for: @babel/preset-env@7.28.5 want: ^7.27.1
809 silly placeDep ROOT @babel/plugin-syntax-unicode-sets-regex@7.18.6 OK for: @babel/preset-env@7.28.5 want: ^7.18.6
810 silly placeDep ROOT @babel/plugin-transform-arrow-functions@7.27.1 OK for: @babel/preset-env@7.28.5 want: ^7.27.1
811 silly placeDep ROOT @babel/plugin-transform-async-generator-functions@7.28.0 OK for: @babel/preset-env@7.28.5 want: ^7.28.0
812 silly placeDep ROOT @babel/plugin-transform-async-to-generator@7.27.1 OK for: @babel/preset-env@7.28.5 want: ^7.27.1
813 silly placeDep ROOT @babel/plugin-transform-block-scoped-functions@7.27.1 OK for: @babel/preset-env@7.28.5 want: ^7.27.1
814 silly placeDep ROOT @babel/plugin-transform-block-scoping@7.28.5 OK for: @babel/preset-env@7.28.5 want: ^7.28.5
815 silly placeDep ROOT @babel/plugin-transform-class-properties@7.27.1 OK for: @babel/preset-env@7.28.5 want: ^7.27.1
816 silly placeDep ROOT @babel/plugin-transform-class-static-block@7.28.3 OK for: @babel/preset-env@7.28.5 want: ^7.28.3
817 silly placeDep ROOT @babel/plugin-transform-classes@7.28.4 OK for: @babel/preset-env@7.28.5 want: ^7.28.4
818 silly placeDep ROOT @babel/plugin-transform-computed-properties@7.27.1 OK for: @babel/preset-env@7.28.5 want: ^7.27.1
819 silly placeDep ROOT @babel/plugin-transform-destructuring@7.28.5 OK for: @babel/preset-env@7.28.5 want: ^7.28.5
820 silly placeDep ROOT @babel/plugin-transform-dotall-regex@7.27.1 OK for: @babel/preset-env@7.28.5 want: ^7.27.1
821 silly placeDep ROOT @babel/plugin-transform-duplicate-keys@7.27.1 OK for: @babel/preset-env@7.28.5 want: ^7.27.1
822 silly placeDep ROOT @babel/plugin-transform-duplicate-named-capturing-groups-regex@7.27.1 OK for: @babel/preset-env@7.28.5 want: ^7.27.1
823 silly placeDep ROOT @babel/plugin-transform-dynamic-import@7.27.1 OK for: @babel/preset-env@7.28.5 want: ^7.27.1
824 silly placeDep ROOT @babel/plugin-transform-explicit-resource-management@7.28.0 OK for: @babel/preset-env@7.28.5 want: ^7.28.0
825 silly placeDep ROOT @babel/plugin-transform-exponentiation-operator@7.28.5 OK for: @babel/preset-env@7.28.5 want: ^7.28.5
826 silly placeDep ROOT @babel/plugin-transform-export-namespace-from@7.27.1 OK for: @babel/preset-env@7.28.5 want: ^7.27.1
827 silly placeDep ROOT @babel/plugin-transform-for-of@7.27.1 OK for: @babel/preset-env@7.28.5 want: ^7.27.1
828 silly placeDep ROOT @babel/plugin-transform-function-name@7.27.1 OK for: @babel/preset-env@7.28.5 want: ^7.27.1
829 silly placeDep ROOT @babel/plugin-transform-json-strings@7.27.1 OK for: @babel/preset-env@7.28.5 want: ^7.27.1
830 silly placeDep ROOT @babel/plugin-transform-literals@7.27.1 OK for: @babel/preset-env@7.28.5 want: ^7.27.1
831 silly placeDep ROOT @babel/plugin-transform-logical-assignment-operators@7.28.5 OK for: @babel/preset-env@7.28.5 want: ^7.28.5
832 silly placeDep ROOT @babel/plugin-transform-member-expression-literals@7.27.1 OK for: @babel/preset-env@7.28.5 want: ^7.27.1
833 silly placeDep ROOT @babel/plugin-transform-modules-amd@7.27.1 OK for: @babel/preset-env@7.28.5 want: ^7.27.1
834 silly placeDep ROOT @babel/plugin-transform-modules-commonjs@7.27.1 OK for: @babel/preset-env@7.28.5 want: ^7.27.1
835 silly placeDep ROOT @babel/plugin-transform-modules-systemjs@7.28.5 OK for: @babel/preset-env@7.28.5 want: ^7.28.5
836 silly placeDep ROOT @babel/plugin-transform-modules-umd@7.27.1 OK for: @babel/preset-env@7.28.5 want: ^7.27.1
837 silly placeDep ROOT @babel/plugin-transform-named-capturing-groups-regex@7.27.1 OK for: @babel/preset-env@7.28.5 want: ^7.27.1
838 silly placeDep ROOT @babel/plugin-transform-new-target@7.27.1 OK for: @babel/preset-env@7.28.5 want: ^7.27.1
839 silly placeDep ROOT @babel/plugin-transform-nullish-coalescing-operator@7.27.1 OK for: @babel/preset-env@7.28.5 want: ^7.27.1
840 silly placeDep ROOT @babel/plugin-transform-numeric-separator@7.27.1 OK for: @babel/preset-env@7.28.5 want: ^7.27.1
841 silly placeDep ROOT @babel/plugin-transform-object-rest-spread@7.28.4 OK for: @babel/preset-env@7.28.5 want: ^7.28.4
842 silly placeDep ROOT @babel/plugin-transform-object-super@7.27.1 OK for: @babel/preset-env@7.28.5 want: ^7.27.1
843 silly placeDep ROOT @babel/plugin-transform-optional-catch-binding@7.27.1 OK for: @babel/preset-env@7.28.5 want: ^7.27.1
844 silly placeDep ROOT @babel/plugin-transform-optional-chaining@7.28.5 OK for: @babel/preset-env@7.28.5 want: ^7.28.5
845 silly placeDep ROOT @babel/plugin-transform-parameters@7.27.7 OK for: @babel/preset-env@7.28.5 want: ^7.27.7
846 silly placeDep ROOT @babel/plugin-transform-private-methods@7.27.1 OK for: @babel/preset-env@7.28.5 want: ^7.27.1
847 silly placeDep ROOT @babel/plugin-transform-private-property-in-object@7.27.1 OK for: @babel/preset-env@7.28.5 want: ^7.27.1
848 silly placeDep ROOT @babel/plugin-transform-property-literals@7.27.1 OK for: @babel/preset-env@7.28.5 want: ^7.27.1
849 silly placeDep ROOT @babel/plugin-transform-regenerator@7.28.4 OK for: @babel/preset-env@7.28.5 want: ^7.28.4
850 silly placeDep ROOT @babel/plugin-transform-regexp-modifiers@7.27.1 OK for: @babel/preset-env@7.28.5 want: ^7.27.1
851 silly placeDep ROOT @babel/plugin-transform-reserved-words@7.27.1 OK for: @babel/preset-env@7.28.5 want: ^7.27.1
852 silly placeDep ROOT @babel/plugin-transform-shorthand-properties@7.27.1 OK for: @babel/preset-env@7.28.5 want: ^7.27.1
853 silly placeDep ROOT @babel/plugin-transform-spread@7.27.1 OK for: @babel/preset-env@7.28.5 want: ^7.27.1
854 silly placeDep ROOT @babel/plugin-transform-sticky-regex@7.27.1 OK for: @babel/preset-env@7.28.5 want: ^7.27.1
855 silly placeDep ROOT @babel/plugin-transform-template-literals@7.27.1 OK for: @babel/preset-env@7.28.5 want: ^7.27.1
856 silly placeDep ROOT @babel/plugin-transform-typeof-symbol@7.27.1 OK for: @babel/preset-env@7.28.5 want: ^7.27.1
857 silly placeDep ROOT @babel/plugin-transform-unicode-escapes@7.27.1 OK for: @babel/preset-env@7.28.5 want: ^7.27.1
858 silly placeDep ROOT @babel/plugin-transform-unicode-property-regex@7.27.1 OK for: @babel/preset-env@7.28.5 want: ^7.27.1
859 silly placeDep ROOT @babel/plugin-transform-unicode-regex@7.27.1 OK for: @babel/preset-env@7.28.5 want: ^7.27.1
860 silly placeDep ROOT @babel/plugin-transform-unicode-sets-regex@7.27.1 OK for: @babel/preset-env@7.28.5 want: ^7.27.1
861 silly placeDep ROOT @babel/preset-modules@0.1.6-no-external-plugins OK for: @babel/preset-env@7.28.5 want: 0.1.6-no-external-plugins
862 silly placeDep ROOT babel-plugin-polyfill-corejs2@0.4.14 OK for: @babel/preset-env@7.28.5 want: ^0.4.14
863 silly placeDep ROOT babel-plugin-polyfill-corejs3@0.13.0 OK for: @babel/preset-env@7.28.5 want: ^0.13.0
864 silly placeDep ROOT babel-plugin-polyfill-regenerator@0.6.5 OK for: @babel/preset-env@7.28.5 want: ^0.6.5
865 silly placeDep ROOT core-js-compat@3.47.0 OK for: @babel/preset-env@7.28.5 want: ^3.43.0
866 silly fetch manifest @babel/plugin-transform-optional-chaining@^7.27.1
867 silly packumentCache full:https://registry.npmjs.org/@babel%2fplugin-transform-optional-chaining cache-miss
868 silly fetch manifest @babel/helper-skip-transparent-expression-wrappers@^7.27.1
869 silly packumentCache full:https://registry.npmjs.org/@babel%2fhelper-skip-transparent-expression-wrappers cache-miss
870 silly fetch manifest @babel/helper-create-regexp-features-plugin@^7.18.6
871 silly packumentCache full:https://registry.npmjs.org/@babel%2fhelper-create-regexp-features-plugin cache-miss
872 silly fetch manifest @babel/helper-remap-async-to-generator@^7.27.1
873 silly packumentCache full:https://registry.npmjs.org/@babel%2fhelper-remap-async-to-generator cache-miss
874 silly fetch manifest @babel/helper-remap-async-to-generator@^7.27.1
875 silly packumentCache full:https://registry.npmjs.org/@babel%2fhelper-remap-async-to-generator cache-miss
876 silly fetch manifest @babel/helper-create-class-features-plugin@^7.27.1
877 silly packumentCache full:https://registry.npmjs.org/@babel%2fhelper-create-class-features-plugin cache-miss
878 silly fetch manifest @babel/helper-create-class-features-plugin@^7.28.3
879 silly packumentCache full:https://registry.npmjs.org/@babel%2fhelper-create-class-features-plugin cache-miss
880 http cache https://registry.npmjs.org/@babel%2fplugin-transform-optional-chaining 3ms (cache hit)
881 silly packumentCache full:https://registry.npmjs.org/@babel%2fplugin-transform-optional-chaining set size:93249 disposed:false
882 silly fetch manifest @babel/helper-replace-supers@^7.27.1
883 silly packumentCache full:https://registry.npmjs.org/@babel%2fhelper-replace-supers cache-miss
884 http fetch GET 200 https://registry.npmjs.org/@babel%2fhelper-create-regexp-features-plugin 50ms (cache miss)
885 silly packumentCache full:https://registry.npmjs.org/@babel%2fhelper-create-regexp-features-plugin set size:undefined disposed:false
886 silly fetch manifest @babel/helper-annotate-as-pure@^7.27.3
887 silly packumentCache full:https://registry.npmjs.org/@babel%2fhelper-annotate-as-pure cache-miss
888 http fetch GET 200 https://registry.npmjs.org/@babel%2fhelper-create-class-features-plugin 56ms (cache miss)
889 silly packumentCache full:https://registry.npmjs.org/@babel%2fhelper-create-class-features-plugin set size:undefined disposed:false
890 silly fetch manifest @babel/helper-create-regexp-features-plugin@^7.27.1
891 silly packumentCache full:https://registry.npmjs.org/@babel%2fhelper-create-regexp-features-plugin cache-miss
892 http cache https://registry.npmjs.org/@babel%2fhelper-create-regexp-features-plugin 1ms (cache hit)
893 silly packumentCache full:https://registry.npmjs.org/@babel%2fhelper-create-regexp-features-plugin set size:167728 disposed:false
894 silly fetch manifest @babel/helper-skip-transparent-expression-wrappers@^7.27.1
895 silly packumentCache full:https://registry.npmjs.org/@babel%2fhelper-skip-transparent-expression-wrappers cache-miss
896 http fetch GET 200 https://registry.npmjs.org/@babel%2fhelper-create-class-features-plugin 66ms (cache miss)
897 silly packumentCache full:https://registry.npmjs.org/@babel%2fhelper-create-class-features-plugin set size:undefined disposed:false
898 silly fetch manifest @babel/helper-replace-supers@^7.27.1
899 silly packumentCache full:https://registry.npmjs.org/@babel%2fhelper-replace-supers cache-miss
900 http fetch GET 200 https://registry.npmjs.org/@babel%2fhelper-skip-transparent-expression-wrappers 69ms (cache miss)
901 silly packumentCache full:https://registry.npmjs.org/@babel%2fhelper-skip-transparent-expression-wrappers set size:undefined disposed:false
902 silly fetch manifest @babel/helper-annotate-as-pure@^7.27.1
903 silly packumentCache full:https://registry.npmjs.org/@babel%2fhelper-annotate-as-pure cache-miss
904 http fetch GET 200 https://registry.npmjs.org/@babel%2fhelper-replace-supers 70ms (cache miss)
905 silly packumentCache full:https://registry.npmjs.org/@babel%2fhelper-replace-supers set size:undefined disposed:false
906 silly fetch manifest esutils@^2.0.2
907 silly packumentCache full:https://registry.npmjs.org/esutils cache-miss
908 http fetch GET 200 https://registry.npmjs.org/@babel%2fhelper-annotate-as-pure 55ms (cache miss)
909 silly packumentCache full:https://registry.npmjs.org/@babel%2fhelper-annotate-as-pure set size:undefined disposed:false
910 silly fetch manifest @babel/helper-define-polyfill-provider@^0.6.5
911 silly packumentCache full:https://registry.npmjs.org/@babel%2fhelper-define-polyfill-provider cache-miss
912 http fetch GET 200 https://registry.npmjs.org/@babel%2fhelper-remap-async-to-generator 114ms (cache miss)
913 silly packumentCache full:https://registry.npmjs.org/@babel%2fhelper-remap-async-to-generator set size:undefined disposed:false
914 silly fetch manifest @babel/helper-define-polyfill-provider@^0.6.5
915 silly packumentCache full:https://registry.npmjs.org/@babel%2fhelper-define-polyfill-provider cache-miss
916 http fetch GET 200 https://registry.npmjs.org/@babel%2fhelper-skip-transparent-expression-wrappers 57ms (cache miss)
917 silly packumentCache full:https://registry.npmjs.org/@babel%2fhelper-skip-transparent-expression-wrappers set size:undefined disposed:false
918 silly fetch manifest @babel/helper-define-polyfill-provider@^0.6.5
919 silly packumentCache full:https://registry.npmjs.org/@babel%2fhelper-define-polyfill-provider cache-miss
920 http fetch GET 200 https://registry.npmjs.org/esutils 50ms (cache miss)
921 silly packumentCache full:https://registry.npmjs.org/esutils set size:undefined disposed:false
922 http fetch GET 200 https://registry.npmjs.org/@babel%2fhelper-remap-async-to-generator 125ms (cache miss)
923 silly packumentCache full:https://registry.npmjs.org/@babel%2fhelper-remap-async-to-generator set size:undefined disposed:false
924 http fetch GET 200 https://registry.npmjs.org/@babel%2fhelper-annotate-as-pure 69ms (cache miss)
925 silly packumentCache full:https://registry.npmjs.org/@babel%2fhelper-annotate-as-pure set size:undefined disposed:false
926 http fetch GET 200 https://registry.npmjs.org/@babel%2fhelper-replace-supers 79ms (cache miss)
927 silly packumentCache full:https://registry.npmjs.org/@babel%2fhelper-replace-supers set size:undefined disposed:false
928 http fetch GET 200 https://registry.npmjs.org/@babel%2fhelper-define-polyfill-provider 62ms (cache miss)
929 silly packumentCache full:https://registry.npmjs.org/@babel%2fhelper-define-polyfill-provider set size:undefined disposed:false
930 http fetch GET 200 https://registry.npmjs.org/@babel%2fhelper-define-polyfill-provider 76ms (cache miss)
931 silly packumentCache full:https://registry.npmjs.org/@babel%2fhelper-define-polyfill-provider set size:undefined disposed:false
932 http fetch GET 200 https://registry.npmjs.org/@babel%2fhelper-define-polyfill-provider 90ms (cache miss)
933 silly packumentCache full:https://registry.npmjs.org/@babel%2fhelper-define-polyfill-provider set size:undefined disposed:false
934 silly placeDep ROOT @babel/helper-skip-transparent-expression-wrappers@7.27.1 OK for: @babel/plugin-bugfix-v8-spread-parameters-in-optional-chaining@7.27.1 want: ^7.27.1
935 silly placeDep ROOT @babel/helper-create-regexp-features-plugin@7.28.5 OK for: @babel/plugin-syntax-unicode-sets-regex@7.18.6 want: ^7.18.6
936 silly fetch manifest regexpu-core@^6.3.1
937 silly packumentCache full:https://registry.npmjs.org/regexpu-core cache-miss
938 http fetch GET 200 https://registry.npmjs.org/regexpu-core 461ms (cache miss)
939 silly packumentCache full:https://registry.npmjs.org/regexpu-core set size:undefined disposed:false
940 silly placeDep ROOT @babel/helper-annotate-as-pure@7.27.3 OK for: @babel/helper-create-regexp-features-plugin@7.28.5 want: ^7.27.3
941 silly placeDep ROOT regexpu-core@6.4.0 OK for: @babel/helper-create-regexp-features-plugin@7.28.5 want: ^6.3.1
942 silly fetch manifest regenerate@^1.4.2
943 silly packumentCache full:https://registry.npmjs.org/regenerate cache-miss
944 silly fetch manifest regenerate-unicode-properties@^10.2.2
945 silly packumentCache full:https://registry.npmjs.org/regenerate-unicode-properties cache-miss
946 silly fetch manifest regjsgen@^0.8.0
947 silly packumentCache full:https://registry.npmjs.org/regjsgen cache-miss
948 silly fetch manifest regjsparser@^0.13.0
949 silly packumentCache full:https://registry.npmjs.org/regjsparser cache-miss
950 silly fetch manifest unicode-match-property-ecmascript@^2.0.0
951 silly packumentCache full:https://registry.npmjs.org/unicode-match-property-ecmascript cache-miss
952 silly fetch manifest unicode-match-property-value-ecmascript@^2.2.1
953 silly packumentCache full:https://registry.npmjs.org/unicode-match-property-value-ecmascript cache-miss
954 http fetch GET 200 https://registry.npmjs.org/regenerate 55ms (cache miss)
955 silly packumentCache full:https://registry.npmjs.org/regenerate set size:undefined disposed:false
956 http fetch GET 200 https://registry.npmjs.org/regjsgen 59ms (cache miss)
957 silly packumentCache full:https://registry.npmjs.org/regjsgen set size:undefined disposed:false
958 http fetch GET 200 https://registry.npmjs.org/regjsparser 60ms (cache miss)
959 silly packumentCache full:https://registry.npmjs.org/regjsparser set size:undefined disposed:false
960 http fetch GET 200 https://registry.npmjs.org/regenerate-unicode-properties 62ms (cache miss)
961 silly packumentCache full:https://registry.npmjs.org/regenerate-unicode-properties set size:undefined disposed:false
962 http fetch GET 200 https://registry.npmjs.org/unicode-match-property-value-ecmascript 64ms (cache miss)
963 silly packumentCache full:https://registry.npmjs.org/unicode-match-property-value-ecmascript set size:undefined disposed:false
964 http fetch GET 200 https://registry.npmjs.org/unicode-match-property-ecmascript 65ms (cache miss)
965 silly packumentCache full:https://registry.npmjs.org/unicode-match-property-ecmascript set size:undefined disposed:false
966 silly placeDep ROOT @babel/helper-remap-async-to-generator@7.27.1 OK for: @babel/plugin-transform-async-generator-functions@7.28.0 want: ^7.27.1
967 silly fetch manifest @babel/helper-wrap-function@^7.27.1
968 silly packumentCache full:https://registry.npmjs.org/@babel%2fhelper-wrap-function cache-miss
969 http fetch GET 200 https://registry.npmjs.org/@babel%2fhelper-wrap-function 83ms (cache miss)
970 silly packumentCache full:https://registry.npmjs.org/@babel%2fhelper-wrap-function set size:undefined disposed:false
971 silly placeDep ROOT @babel/helper-wrap-function@7.28.3 OK for: @babel/helper-remap-async-to-generator@7.27.1 want: ^7.27.1
972 silly placeDep ROOT @babel/helper-create-class-features-plugin@7.28.5 OK for: @babel/plugin-transform-class-properties@7.27.1 want: ^7.27.1
973 silly fetch manifest @babel/helper-member-expression-to-functions@^7.28.5
974 silly packumentCache full:https://registry.npmjs.org/@babel%2fhelper-member-expression-to-functions cache-miss
975 silly fetch manifest @babel/helper-optimise-call-expression@^7.27.1
976 silly packumentCache full:https://registry.npmjs.org/@babel%2fhelper-optimise-call-expression cache-miss
977 http fetch GET 200 https://registry.npmjs.org/@babel%2fhelper-optimise-call-expression 53ms (cache miss)
978 silly packumentCache full:https://registry.npmjs.org/@babel%2fhelper-optimise-call-expression set size:undefined disposed:false
979 http fetch GET 200 https://registry.npmjs.org/@babel%2fhelper-member-expression-to-functions 66ms (cache miss)
980 silly packumentCache full:https://registry.npmjs.org/@babel%2fhelper-member-expression-to-functions set size:undefined disposed:false
981 silly placeDep ROOT @babel/helper-member-expression-to-functions@7.28.5 OK for: @babel/helper-create-class-features-plugin@7.28.5 want: ^7.28.5
982 silly placeDep ROOT @babel/helper-optimise-call-expression@7.27.1 OK for: @babel/helper-create-class-features-plugin@7.28.5 want: ^7.27.1
983 silly placeDep ROOT @babel/helper-replace-supers@7.27.1 OK for: @babel/helper-create-class-features-plugin@7.28.5 want: ^7.27.1
984 silly placeDep ROOT esutils@2.0.3 OK for: @babel/preset-modules@0.1.6-no-external-plugins want: ^2.0.2
985 silly placeDep ROOT @rollup/pluginutils@3.1.0 OK for: @rollup/plugin-babel@5.3.1 want: ^3.1.0
986 silly fetch manifest @types/estree@0.0.39
987 silly packumentCache full:https://registry.npmjs.org/@types%2festree cache-miss
988 silly fetch manifest estree-walker@^1.0.1
989 silly packumentCache full:https://registry.npmjs.org/estree-walker cache-miss
990 http fetch GET 200 https://registry.npmjs.org/estree-walker 55ms (cache miss)
991 silly packumentCache full:https://registry.npmjs.org/estree-walker set size:undefined disposed:false
992 http fetch GET 200 https://registry.npmjs.org/@types%2festree 81ms (cache miss)
993 silly packumentCache full:https://registry.npmjs.org/@types%2festree set size:undefined disposed:false
994 silly placeDep node_modules/@rollup/plugin-node-resolve @rollup/pluginutils@5.3.0 OK for: @rollup/plugin-node-resolve@15.3.1 want: ^5.0.1
995 silly placeDep ROOT @types/resolve@1.20.2 OK for: @rollup/plugin-node-resolve@15.3.1 want: 1.20.2
996 silly placeDep ROOT deepmerge@4.3.1 OK for: @rollup/plugin-node-resolve@15.3.1 want: ^4.2.2
997 silly placeDep ROOT is-module@1.0.0 OK for: @rollup/plugin-node-resolve@15.3.1 want: ^1.0.0
998 silly fetch manifest estree-walker@^2.0.2
999 silly packumentCache full:https://registry.npmjs.org/estree-walker cache-miss
1000 silly fetch manifest picomatch@^4.0.2
1001 silly packumentCache full:https://registry.npmjs.org/picomatch cache-miss
1002 http cache https://registry.npmjs.org/estree-walker 2ms (cache hit)
1003 silly packumentCache full:https://registry.npmjs.org/estree-walker set size:60887 disposed:false
1004 http fetch GET 200 https://registry.npmjs.org/picomatch 66ms (cache miss)
1005 silly packumentCache full:https://registry.npmjs.org/picomatch set size:undefined disposed:false
1006 silly placeDep node_modules/@rollup/plugin-replace magic-string@0.25.9 OK for: @rollup/plugin-replace@2.4.2 want: ^0.25.7
1007 silly fetch manifest sourcemap-codec@^1.4.8
1008 silly packumentCache full:https://registry.npmjs.org/sourcemap-codec cache-miss
1009 http fetch GET 200 https://registry.npmjs.org/sourcemap-codec 50ms (cache miss)
1010 silly packumentCache full:https://registry.npmjs.org/sourcemap-codec set size:undefined disposed:false
1011 silly placeDep ROOT serialize-javascript@6.0.2 OK for: @rollup/plugin-terser@0.4.4 want: ^6.0.1
1012 silly placeDep ROOT smob@1.5.0 OK for: @rollup/plugin-terser@0.4.4 want: ^1.0.0
1013 silly placeDep ROOT terser@5.44.1 OK for: @rollup/plugin-terser@0.4.4 want: ^5.17.4
1014 silly fetch manifest randombytes@^2.1.0
1015 silly packumentCache full:https://registry.npmjs.org/randombytes cache-miss
1016 silly fetch manifest @jridgewell/source-map@^0.3.3
1017 silly packumentCache full:https://registry.npmjs.org/@jridgewell%2fsource-map cache-miss
1018 silly fetch manifest acorn@^8.15.0
1019 silly packumentCache full:https://registry.npmjs.org/acorn cache-miss
1020 silly fetch manifest commander@^2.20.0
1021 silly packumentCache full:https://registry.npmjs.org/commander cache-miss
1022 silly fetch manifest source-map-support@~0.5.20
1023 silly packumentCache full:https://registry.npmjs.org/source-map-support cache-miss
1024 http fetch GET 200 https://registry.npmjs.org/randombytes 46ms (cache miss)
1025 silly packumentCache full:https://registry.npmjs.org/randombytes set size:undefined disposed:false
1026 http fetch GET 200 https://registry.npmjs.org/source-map-support 55ms (cache miss)
1027 silly packumentCache full:https://registry.npmjs.org/source-map-support set size:undefined disposed:false
1028 http fetch GET 200 https://registry.npmjs.org/acorn 69ms (cache miss)
1029 silly packumentCache full:https://registry.npmjs.org/acorn set size:undefined disposed:false
1030 http fetch GET 200 https://registry.npmjs.org/@jridgewell%2fsource-map 97ms (cache miss)
1031 silly packumentCache full:https://registry.npmjs.org/@jridgewell%2fsource-map set size:undefined disposed:false
1032 http fetch GET 200 https://registry.npmjs.org/commander 123ms (cache miss)
1033 silly packumentCache full:https://registry.npmjs.org/commander set size:undefined disposed:false
1034 silly placeDep node_modules/@rollup/pluginutils @types/estree@0.0.39 OK for: @rollup/pluginutils@3.1.0 want: 0.0.39
1035 silly placeDep node_modules/@rollup/pluginutils estree-walker@1.0.1 OK for: @rollup/pluginutils@3.1.0 want: ^1.0.1
1036 silly placeDep ROOT ejs@3.1.10 OK for: @surma/rollup-plugin-off-main-thread@2.2.3 want: ^3.1.6
1037 silly placeDep node_modules/@surma/rollup-plugin-off-main-thread magic-string@0.25.9 OK for: @surma/rollup-plugin-off-main-thread@2.2.3 want: ^0.25.0
1038 silly placeDep ROOT string.prototype.matchall@4.0.12 OK for: @surma/rollup-plugin-off-main-thread@2.2.3 want: ^4.0.6
1039 silly fetch manifest jake@^10.8.5
1040 silly packumentCache full:https://registry.npmjs.org/jake cache-miss
1041 silly fetch manifest call-bind@^1.0.8
1042 silly packumentCache full:https://registry.npmjs.org/call-bind cache-miss
1043 silly fetch manifest call-bound@^1.0.3
1044 silly packumentCache full:https://registry.npmjs.org/call-bound cache-miss
1045 silly fetch manifest define-properties@^1.2.1
1046 silly packumentCache full:https://registry.npmjs.org/define-properties cache-miss
1047 silly fetch manifest es-abstract@^1.23.6
1048 silly packumentCache full:https://registry.npmjs.org/es-abstract cache-miss
1049 silly fetch manifest internal-slot@^1.1.0
1050 silly packumentCache full:https://registry.npmjs.org/internal-slot cache-miss
1051 silly fetch manifest regexp.prototype.flags@^1.5.3
1052 silly packumentCache full:https://registry.npmjs.org/regexp.prototype.flags cache-miss
1053 http fetch GET 200 https://registry.npmjs.org/call-bound 47ms (cache miss)
1054 silly packumentCache full:https://registry.npmjs.org/call-bound set size:undefined disposed:false
1055 silly fetch manifest set-function-name@^2.0.2
1056 silly packumentCache full:https://registry.npmjs.org/set-function-name cache-miss
1057 http fetch GET 200 https://registry.npmjs.org/internal-slot 50ms (cache miss)
1058 silly packumentCache full:https://registry.npmjs.org/internal-slot set size:undefined disposed:false
1059 silly fetch manifest side-channel@^1.1.0
1060 silly packumentCache full:https://registry.npmjs.org/side-channel cache-miss
1061 http fetch GET 200 https://registry.npmjs.org/define-properties 51ms (cache miss)
1062 silly packumentCache full:https://registry.npmjs.org/define-properties set size:undefined disposed:false
1063 http fetch GET 200 https://registry.npmjs.org/call-bind 64ms (cache miss)
1064 silly packumentCache full:https://registry.npmjs.org/call-bind set size:undefined disposed:false
1065 http fetch GET 200 https://registry.npmjs.org/es-abstract 75ms (cache miss)
1066 silly packumentCache full:https://registry.npmjs.org/es-abstract set size:undefined disposed:false
1067 http fetch GET 200 https://registry.npmjs.org/regexp.prototype.flags 81ms (cache miss)
1068 silly packumentCache full:https://registry.npmjs.org/regexp.prototype.flags set size:undefined disposed:false
1069 http fetch GET 200 https://registry.npmjs.org/jake 83ms (cache miss)
1070 silly packumentCache full:https://registry.npmjs.org/jake set size:undefined disposed:false
1071 http fetch GET 200 https://registry.npmjs.org/set-function-name 54ms (cache miss)
1072 silly packumentCache full:https://registry.npmjs.org/set-function-name set size:undefined disposed:false
1073 http fetch GET 200 https://registry.npmjs.org/side-channel 53ms (cache miss)
1074 silly packumentCache full:https://registry.npmjs.org/side-channel set size:undefined disposed:false
1075 silly placeDep ROOT fast-uri@3.1.0 OK for: ajv@8.17.1 want: ^3.0.1
1076 silly placeDep ROOT json-schema-traverse@1.0.0 OK for: ajv@8.17.1 want: ^1.0.0
1077 silly placeDep ROOT @babel/helper-define-polyfill-provider@0.6.5 OK for: babel-plugin-polyfill-corejs2@0.4.14 want: ^0.6.5
1078 silly fetch manifest lodash.debounce@^4.0.8
1079 silly packumentCache full:https://registry.npmjs.org/lodash.debounce cache-miss
1080 http fetch GET 200 https://registry.npmjs.org/lodash.debounce 42ms (cache miss)
1081 silly packumentCache full:https://registry.npmjs.org/lodash.debounce set size:undefined disposed:false
1082 silly placeDep ROOT lodash.debounce@4.0.8 OK for: @babel/helper-define-polyfill-provider@0.6.5 want: ^4.0.8
1083 silly placeDep ROOT jake@10.9.4 OK for: ejs@3.1.10 want: ^10.8.5
1084 silly fetch manifest async@^3.2.6
1085 silly packumentCache full:https://registry.npmjs.org/async cache-miss
1086 silly fetch manifest filelist@^1.0.4
1087 silly packumentCache full:https://registry.npmjs.org/filelist cache-miss
1088 http fetch GET 200 https://registry.npmjs.org/async 39ms (cache miss)
1089 silly packumentCache full:https://registry.npmjs.org/async set size:undefined disposed:false
1090 http fetch GET 200 https://registry.npmjs.org/filelist 104ms (cache miss)
1091 silly packumentCache full:https://registry.npmjs.org/filelist set size:undefined disposed:false
1092 silly placeDep ROOT at-least-node@1.0.0 OK for: fs-extra@9.1.0 want: ^1.0.0
1093 silly placeDep ROOT graceful-fs@4.2.11 OK for: fs-extra@9.1.0 want: ^4.2.0
1094 silly placeDep ROOT jsonfile@6.2.0 OK for: fs-extra@9.1.0 want: ^6.0.1
1095 silly placeDep ROOT universalify@2.0.1 OK for: fs-extra@9.1.0 want: ^2.0.0
1096 silly placeDep ROOT foreground-child@3.3.1 OK for: glob@11.1.0 want: ^3.3.1
1097 silly placeDep ROOT jackspeak@4.1.1 OK for: glob@11.1.0 want: ^4.1.1
1098 silly placeDep ROOT minimatch@10.1.1 OK for: glob@11.1.0 want: ^10.1.1
1099 silly placeDep ROOT minipass@7.1.2 OK for: glob@11.1.0 want: ^7.1.2
1100 silly placeDep ROOT package-json-from-dist@1.0.1 OK for: glob@11.1.0 want: ^1.0.0
1101 silly placeDep ROOT path-scurry@2.0.1 OK for: glob@11.1.0 want: ^2.0.0
1102 silly fetch manifest cross-spawn@^7.0.6
1103 silly packumentCache full:https://registry.npmjs.org/cross-spawn cache-miss
1104 silly fetch manifest signal-exit@^4.0.1
1105 silly packumentCache full:https://registry.npmjs.org/signal-exit cache-miss
1106 silly fetch manifest @isaacs/cliui@^8.0.2
1107 silly packumentCache full:https://registry.npmjs.org/@isaacs%2fcliui cache-miss
1108 silly fetch manifest @isaacs/brace-expansion@^5.0.0
1109 silly packumentCache full:https://registry.npmjs.org/@isaacs%2fbrace-expansion cache-miss
1110 silly fetch manifest lru-cache@^11.0.0
1111 silly packumentCache full:https://registry.npmjs.org/lru-cache cache-miss
1112 http fetch GET 200 https://registry.npmjs.org/cross-spawn 56ms (cache miss)
1113 silly packumentCache full:https://registry.npmjs.org/cross-spawn set size:undefined disposed:false
1114 http fetch GET 200 https://registry.npmjs.org/signal-exit 67ms (cache miss)
1115 silly packumentCache full:https://registry.npmjs.org/signal-exit set size:undefined disposed:false
1116 http fetch GET 200 https://registry.npmjs.org/@isaacs%2fcliui 68ms (cache miss)
1117 silly packumentCache full:https://registry.npmjs.org/@isaacs%2fcliui set size:undefined disposed:false
1118 http fetch GET 200 https://registry.npmjs.org/lru-cache 72ms (cache miss)
1119 silly packumentCache full:https://registry.npmjs.org/lru-cache set size:undefined disposed:false
1120 http fetch GET 200 https://registry.npmjs.org/@isaacs%2fbrace-expansion 75ms (cache miss)
1121 silly packumentCache full:https://registry.npmjs.org/@isaacs%2fbrace-expansion set size:undefined disposed:false
1122 silly placeDep ROOT cross-spawn@7.0.6 OK for: foreground-child@3.3.1 want: ^7.0.6
1123 silly placeDep ROOT signal-exit@4.1.0 OK for: foreground-child@3.3.1 want: ^4.0.1
1124 silly fetch manifest which@^2.0.1
1125 silly packumentCache full:https://registry.npmjs.org/which cache-miss
1126 silly fetch manifest path-key@^3.1.0
1127 silly packumentCache full:https://registry.npmjs.org/path-key cache-miss
1128 silly fetch manifest shebang-command@^2.0.0
1129 silly packumentCache full:https://registry.npmjs.org/shebang-command cache-miss
1130 http fetch GET 200 https://registry.npmjs.org/shebang-command 49ms (cache miss)
1131 silly packumentCache full:https://registry.npmjs.org/shebang-command set size:undefined disposed:false
1132 http fetch GET 200 https://registry.npmjs.org/which 62ms (cache miss)
1133 silly packumentCache full:https://registry.npmjs.org/which set size:undefined disposed:false
1134 http fetch GET 200 https://registry.npmjs.org/path-key 70ms (cache miss)
1135 silly packumentCache full:https://registry.npmjs.org/path-key set size:undefined disposed:false
1136 silly placeDep ROOT path-key@3.1.1 OK for: cross-spawn@7.0.6 want: ^3.1.0
1137 silly placeDep ROOT shebang-command@2.0.0 OK for: cross-spawn@7.0.6 want: ^2.0.0
1138 silly placeDep node_modules/cross-spawn which@2.0.2 OK for: cross-spawn@7.0.6 want: ^2.0.1
1139 silly fetch manifest shebang-regex@^3.0.0
1140 silly packumentCache full:https://registry.npmjs.org/shebang-regex cache-miss
1141 silly fetch manifest isexe@^2.0.0
1142 silly packumentCache full:https://registry.npmjs.org/isexe cache-miss
1143 http fetch GET 200 https://registry.npmjs.org/isexe 44ms (cache miss)
1144 silly packumentCache full:https://registry.npmjs.org/isexe set size:undefined disposed:false
1145 http fetch GET 200 https://registry.npmjs.org/shebang-regex 58ms (cache miss)
1146 silly packumentCache full:https://registry.npmjs.org/shebang-regex set size:undefined disposed:false
1147 silly placeDep ROOT @isaacs/cliui@8.0.2 OK for: jackspeak@4.1.1 want: ^8.0.2
1148 silly fetch manifest string-width@^5.1.2
1149 silly packumentCache full:https://registry.npmjs.org/string-width cache-miss
1150 silly fetch manifest string-width-cjs@npm:string-width@^4.2.0
1151 silly packumentCache full:https://registry.npmjs.org/string-width cache-miss
1152 silly fetch manifest strip-ansi@^7.0.1
1153 silly packumentCache full:https://registry.npmjs.org/strip-ansi cache-miss
1154 silly fetch manifest strip-ansi-cjs@npm:strip-ansi@^6.0.1
1155 silly packumentCache full:https://registry.npmjs.org/strip-ansi cache-miss
1156 silly fetch manifest wrap-ansi@^8.1.0
1157 silly packumentCache full:https://registry.npmjs.org/wrap-ansi cache-miss
1158 silly fetch manifest wrap-ansi-cjs@npm:wrap-ansi@^7.0.0
1159 silly packumentCache full:https://registry.npmjs.org/wrap-ansi cache-miss
1160 http fetch GET 200 https://registry.npmjs.org/strip-ansi 54ms (cache miss)
1161 silly packumentCache full:https://registry.npmjs.org/strip-ansi set size:undefined disposed:false
1162 http fetch GET 200 https://registry.npmjs.org/string-width 63ms (cache miss)
1163 silly packumentCache full:https://registry.npmjs.org/string-width set size:undefined disposed:false
1164 http fetch GET 200 https://registry.npmjs.org/wrap-ansi 63ms (cache miss)
1165 silly packumentCache full:https://registry.npmjs.org/wrap-ansi set size:undefined disposed:false
1166 http fetch GET 200 https://registry.npmjs.org/string-width 67ms (cache miss)
1167 silly packumentCache full:https://registry.npmjs.org/string-width set size:undefined disposed:false
1168 http fetch GET 200 https://registry.npmjs.org/strip-ansi 68ms (cache miss)
1169 silly packumentCache full:https://registry.npmjs.org/strip-ansi set size:undefined disposed:false
1170 http fetch GET 200 https://registry.npmjs.org/wrap-ansi 86ms (cache miss)
1171 silly packumentCache full:https://registry.npmjs.org/wrap-ansi set size:undefined disposed:false
1172 silly placeDep node_modules/@isaacs/cliui string-width@5.1.2 OK for: @isaacs/cliui@8.0.2 want: ^5.1.2
1173 silly placeDep ROOT string-width-cjs@4.2.3 OK for: @isaacs/cliui@8.0.2 want: npm:string-width@^4.2.0
1174 silly placeDep node_modules/@isaacs/cliui strip-ansi@7.1.2 OK for: @isaacs/cliui@8.0.2 want: ^7.0.1
1175 silly placeDep ROOT strip-ansi-cjs@6.0.1 OK for: @isaacs/cliui@8.0.2 want: npm:strip-ansi@^6.0.1
1176 silly placeDep node_modules/@isaacs/cliui wrap-ansi@8.1.0 OK for: @isaacs/cliui@8.0.2 want: ^8.1.0
1177 silly placeDep ROOT wrap-ansi-cjs@7.0.0 OK for: @isaacs/cliui@8.0.2 want: npm:wrap-ansi@^7.0.0
1178 silly fetch manifest emoji-regex@^9.2.2
1179 silly packumentCache full:https://registry.npmjs.org/emoji-regex cache-miss
1180 silly fetch manifest eastasianwidth@^0.2.0
1181 silly packumentCache full:https://registry.npmjs.org/eastasianwidth cache-miss
1182 silly fetch manifest ansi-regex@^6.0.1
1183 silly packumentCache full:https://registry.npmjs.org/ansi-regex cache-miss
1184 silly fetch manifest ansi-styles@^6.1.0
1185 silly packumentCache full:https://registry.npmjs.org/ansi-styles cache-miss
1186 http fetch GET 200 https://registry.npmjs.org/ansi-regex 47ms (cache miss)
1187 silly packumentCache full:https://registry.npmjs.org/ansi-regex set size:undefined disposed:false
1188 http fetch GET 200 https://registry.npmjs.org/emoji-regex 54ms (cache miss)
1189 silly packumentCache full:https://registry.npmjs.org/emoji-regex set size:undefined disposed:false
1190 http fetch GET 200 https://registry.npmjs.org/ansi-styles 61ms (cache miss)
1191 silly packumentCache full:https://registry.npmjs.org/ansi-styles set size:undefined disposed:false
1192 http fetch GET 200 https://registry.npmjs.org/eastasianwidth 63ms (cache miss)
1193 silly packumentCache full:https://registry.npmjs.org/eastasianwidth set size:undefined disposed:false
1194 silly placeDep ROOT async@3.2.6 OK for: jake@10.9.4 want: ^3.2.6
1195 silly placeDep ROOT filelist@1.0.4 OK for: jake@10.9.4 want: ^1.0.4
1196 silly fetch manifest minimatch@^5.0.1
1197 silly packumentCache full:https://registry.npmjs.org/minimatch cache-miss
1198 http cache https://registry.npmjs.org/minimatch 1ms (cache hit)
1199 silly packumentCache full:https://registry.npmjs.org/minimatch set size:303959 disposed:false
1200 silly placeDep node_modules/filelist minimatch@5.1.6 OK for: filelist@1.0.4 want: ^5.0.1
1201 silly fetch manifest brace-expansion@^2.0.1
1202 silly packumentCache full:https://registry.npmjs.org/brace-expansion cache-miss
1203 http fetch GET 200 https://registry.npmjs.org/brace-expansion 49ms (cache miss)
1204 silly packumentCache full:https://registry.npmjs.org/brace-expansion set size:undefined disposed:false
1205 silly placeDep ROOT @isaacs/brace-expansion@5.0.0 OK for: minimatch@10.1.1 want: ^5.0.0
1206 silly fetch manifest @isaacs/balanced-match@^4.0.1
1207 silly packumentCache full:https://registry.npmjs.org/@isaacs%2fbalanced-match cache-miss
1208 http fetch GET 200 https://registry.npmjs.org/@isaacs%2fbalanced-match 57ms (cache miss)
1209 silly packumentCache full:https://registry.npmjs.org/@isaacs%2fbalanced-match set size:undefined disposed:false
1210 silly placeDep ROOT @isaacs/balanced-match@4.0.1 OK for: @isaacs/brace-expansion@5.0.0 want: ^4.0.1
1211 silly placeDep node_modules/path-scurry lru-cache@11.2.4 OK for: path-scurry@2.0.1 want: ^11.0.0
1212 silly placeDep ROOT regenerate@1.4.2 OK for: regexpu-core@6.4.0 want: ^1.4.2
1213 silly placeDep ROOT regenerate-unicode-properties@10.2.2 OK for: regexpu-core@6.4.0 want: ^10.2.2
1214 silly placeDep ROOT regjsgen@0.8.0 OK for: regexpu-core@6.4.0 want: ^0.8.0
1215 silly placeDep ROOT regjsparser@0.13.0 OK for: regexpu-core@6.4.0 want: ^0.13.0
1216 silly placeDep ROOT unicode-match-property-ecmascript@2.0.0 OK for: regexpu-core@6.4.0 want: ^2.0.0
1217 silly placeDep ROOT unicode-match-property-value-ecmascript@2.2.1 OK for: regexpu-core@6.4.0 want: ^2.2.1
1218 silly fetch manifest unicode-canonical-property-names-ecmascript@^2.0.0
1219 silly packumentCache full:https://registry.npmjs.org/unicode-canonical-property-names-ecmascript cache-miss
1220 silly fetch manifest unicode-property-aliases-ecmascript@^2.0.0
1221 silly packumentCache full:https://registry.npmjs.org/unicode-property-aliases-ecmascript cache-miss
1222 http fetch GET 200 https://registry.npmjs.org/unicode-property-aliases-ecmascript 63ms (cache miss)
1223 silly packumentCache full:https://registry.npmjs.org/unicode-property-aliases-ecmascript set size:undefined disposed:false
1224 http fetch GET 200 https://registry.npmjs.org/unicode-canonical-property-names-ecmascript 93ms (cache miss)
1225 silly packumentCache full:https://registry.npmjs.org/unicode-canonical-property-names-ecmascript set size:undefined disposed:false
1226 silly placeDep ROOT randombytes@2.1.0 OK for: serialize-javascript@6.0.2 want: ^2.1.0
1227 silly placeDep ROOT shebang-regex@3.0.0 OK for: shebang-command@2.0.0 want: ^3.0.0
1228 silly placeDep node_modules/source-map whatwg-url@7.1.0 OK for: source-map@0.8.0-beta.0 want: ^7.0.0
1229 silly fetch manifest tr46@^1.0.1
1230 silly packumentCache full:https://registry.npmjs.org/tr46 cache-miss
1231 silly fetch manifest lodash.sortby@^4.7.0
1232 silly packumentCache full:https://registry.npmjs.org/lodash.sortby cache-miss
1233 silly fetch manifest webidl-conversions@^4.0.2
1234 silly packumentCache full:https://registry.npmjs.org/webidl-conversions cache-miss
1235 http fetch GET 200 https://registry.npmjs.org/lodash.sortby 51ms (cache miss)
1236 silly packumentCache full:https://registry.npmjs.org/lodash.sortby set size:undefined disposed:false
1237 http fetch GET 200 https://registry.npmjs.org/webidl-conversions 53ms (cache miss)
1238 silly packumentCache full:https://registry.npmjs.org/webidl-conversions set size:undefined disposed:false
1239 http fetch GET 200 https://registry.npmjs.org/tr46 63ms (cache miss)
1240 silly packumentCache full:https://registry.npmjs.org/tr46 set size:undefined disposed:false
1241 silly placeDep ROOT call-bind@1.0.8 OK for: string.prototype.matchall@4.0.12 want: ^1.0.8
1242 silly placeDep ROOT call-bound@1.0.4 OK for: string.prototype.matchall@4.0.12 want: ^1.0.3
1243 silly placeDep ROOT define-properties@1.2.1 OK for: string.prototype.matchall@4.0.12 want: ^1.2.1
1244 silly placeDep ROOT es-abstract@1.24.1 OK for: string.prototype.matchall@4.0.12 want: ^1.23.6
1245 silly placeDep ROOT internal-slot@1.1.0 OK for: string.prototype.matchall@4.0.12 want: ^1.1.0
1246 silly placeDep ROOT regexp.prototype.flags@1.5.4 OK for: string.prototype.matchall@4.0.12 want: ^1.5.3
1247 silly placeDep ROOT set-function-name@2.0.2 OK for: string.prototype.matchall@4.0.12 want: ^2.0.2
1248 silly placeDep ROOT side-channel@1.1.0 OK for: string.prototype.matchall@4.0.12 want: ^1.1.0
1249 silly fetch manifest set-function-length@^1.2.2
1250 silly packumentCache full:https://registry.npmjs.org/set-function-length cache-miss
1251 silly fetch manifest define-data-property@^1.0.1
1252 silly packumentCache full:https://registry.npmjs.org/define-data-property cache-miss
1253 silly fetch manifest has-property-descriptors@^1.0.0
1254 silly packumentCache full:https://registry.npmjs.org/has-property-descriptors cache-miss
1255 silly fetch manifest object-keys@^1.1.1
1256 silly packumentCache full:https://registry.npmjs.org/object-keys cache-miss
1257 silly fetch manifest array-buffer-byte-length@^1.0.2
1258 silly packumentCache full:https://registry.npmjs.org/array-buffer-byte-length cache-miss
1259 silly fetch manifest arraybuffer.prototype.slice@^1.0.4
1260 silly packumentCache full:https://registry.npmjs.org/arraybuffer.prototype.slice cache-miss
1261 silly fetch manifest available-typed-arrays@^1.0.7
1262 silly packumentCache full:https://registry.npmjs.org/available-typed-arrays cache-miss
1263 http fetch GET 200 https://registry.npmjs.org/set-function-length 49ms (cache miss)
1264 silly packumentCache full:https://registry.npmjs.org/set-function-length set size:undefined disposed:false
1265 silly fetch manifest data-view-buffer@^1.0.2
1266 silly packumentCache full:https://registry.npmjs.org/data-view-buffer cache-miss
1267 http fetch GET 200 https://registry.npmjs.org/define-data-property 53ms (cache miss)
1268 silly packumentCache full:https://registry.npmjs.org/define-data-property set size:undefined disposed:false
1269 silly fetch manifest data-view-byte-length@^1.0.2
1270 silly packumentCache full:https://registry.npmjs.org/data-view-byte-length cache-miss
1271 http fetch GET 200 https://registry.npmjs.org/arraybuffer.prototype.slice 54ms (cache miss)
1272 silly packumentCache full:https://registry.npmjs.org/arraybuffer.prototype.slice set size:undefined disposed:false
1273 silly fetch manifest data-view-byte-offset@^1.0.1
1274 silly packumentCache full:https://registry.npmjs.org/data-view-byte-offset cache-miss
1275 http fetch GET 200 https://registry.npmjs.org/object-keys 57ms (cache miss)
1276 silly packumentCache full:https://registry.npmjs.org/object-keys set size:undefined disposed:false
1277 silly fetch manifest es-to-primitive@^1.3.0
1278 silly packumentCache full:https://registry.npmjs.org/es-to-primitive cache-miss
1279 http fetch GET 200 https://registry.npmjs.org/available-typed-arrays 60ms (cache miss)
1280 silly packumentCache full:https://registry.npmjs.org/available-typed-arrays set size:undefined disposed:false
1281 silly fetch manifest function.prototype.name@^1.1.8
1282 silly packumentCache full:https://registry.npmjs.org/function.prototype.name cache-miss
1283 http fetch GET 200 https://registry.npmjs.org/has-property-descriptors 65ms (cache miss)
1284 silly packumentCache full:https://registry.npmjs.org/has-property-descriptors set size:undefined disposed:false
1285 silly fetch manifest get-symbol-description@^1.1.0
1286 silly packumentCache full:https://registry.npmjs.org/get-symbol-description cache-miss
1287 http fetch GET 200 https://registry.npmjs.org/array-buffer-byte-length 73ms (cache miss)
1288 silly packumentCache full:https://registry.npmjs.org/array-buffer-byte-length set size:undefined disposed:false
1289 silly fetch manifest globalthis@^1.0.4
1290 silly packumentCache full:https://registry.npmjs.org/globalthis cache-miss
1291 http fetch GET 200 https://registry.npmjs.org/data-view-buffer 51ms (cache miss)
1292 silly packumentCache full:https://registry.npmjs.org/data-view-buffer set size:undefined disposed:false
1293 silly fetch manifest has-property-descriptors@^1.0.2
1294 silly packumentCache full:https://registry.npmjs.org/has-property-descriptors cache-miss
1295 http fetch GET 200 https://registry.npmjs.org/data-view-byte-offset 48ms (cache miss)
1296 silly packumentCache full:https://registry.npmjs.org/data-view-byte-offset set size:undefined disposed:false
1297 silly fetch manifest has-proto@^1.2.0
1298 silly packumentCache full:https://registry.npmjs.org/has-proto cache-miss
1299 http cache https://registry.npmjs.org/has-property-descriptors 3ms (cache hit)
1300 silly packumentCache full:https://registry.npmjs.org/has-property-descriptors set size:12452 disposed:false
1301 silly fetch manifest is-array-buffer@^3.0.5
1302 silly packumentCache full:https://registry.npmjs.org/is-array-buffer cache-miss
1303 http fetch GET 200 https://registry.npmjs.org/data-view-byte-length 51ms (cache miss)
1304 silly packumentCache full:https://registry.npmjs.org/data-view-byte-length set size:undefined disposed:false
1305 silly fetch manifest is-callable@^1.2.7
1306 silly packumentCache full:https://registry.npmjs.org/is-callable cache-miss
1307 http fetch GET 200 https://registry.npmjs.org/get-symbol-description 41ms (cache miss)
1308 silly packumentCache full:https://registry.npmjs.org/get-symbol-description set size:undefined disposed:false
1309 silly fetch manifest is-data-view@^1.0.2
1310 silly packumentCache full:https://registry.npmjs.org/is-data-view cache-miss
1311 http fetch GET 200 https://registry.npmjs.org/es-to-primitive 51ms (cache miss)
1312 silly packumentCache full:https://registry.npmjs.org/es-to-primitive set size:undefined disposed:false
1313 silly fetch manifest is-negative-zero@^2.0.3
1314 silly packumentCache full:https://registry.npmjs.org/is-negative-zero cache-miss
1315 http fetch GET 200 https://registry.npmjs.org/function.prototype.name 54ms (cache miss)
1316 silly packumentCache full:https://registry.npmjs.org/function.prototype.name set size:undefined disposed:false
1317 silly fetch manifest is-regex@^1.2.1
1318 silly packumentCache full:https://registry.npmjs.org/is-regex cache-miss
1319 http fetch GET 200 https://registry.npmjs.org/globalthis 47ms (cache miss)
1320 silly packumentCache full:https://registry.npmjs.org/globalthis set size:undefined disposed:false
1321 silly fetch manifest is-set@^2.0.3
1322 silly packumentCache full:https://registry.npmjs.org/is-set cache-miss
1323 http fetch GET 200 https://registry.npmjs.org/is-array-buffer 45ms (cache miss)
1324 silly packumentCache full:https://registry.npmjs.org/is-array-buffer set size:undefined disposed:false
1325 silly fetch manifest is-shared-array-buffer@^1.0.4
1326 silly packumentCache full:https://registry.npmjs.org/is-shared-array-buffer cache-miss
1327 http fetch GET 200 https://registry.npmjs.org/is-data-view 46ms (cache miss)
1328 silly packumentCache full:https://registry.npmjs.org/is-data-view set size:undefined disposed:false
1329 silly fetch manifest is-string@^1.1.1
1330 silly packumentCache full:https://registry.npmjs.org/is-string cache-miss
1331 http fetch GET 200 https://registry.npmjs.org/has-proto 52ms (cache miss)
1332 silly packumentCache full:https://registry.npmjs.org/has-proto set size:undefined disposed:false
1333 silly fetch manifest is-typed-array@^1.1.15
1334 silly packumentCache full:https://registry.npmjs.org/is-typed-array cache-miss
1335 http fetch GET 200 https://registry.npmjs.org/is-callable 51ms (cache miss)
1336 silly packumentCache full:https://registry.npmjs.org/is-callable set size:undefined disposed:false
1337 silly fetch manifest is-weakref@^1.1.1
1338 silly packumentCache full:https://registry.npmjs.org/is-weakref cache-miss
1339 http fetch GET 200 https://registry.npmjs.org/is-negative-zero 57ms (cache miss)
1340 silly packumentCache full:https://registry.npmjs.org/is-negative-zero set size:undefined disposed:false
1341 silly fetch manifest object-inspect@^1.13.4
1342 silly packumentCache full:https://registry.npmjs.org/object-inspect cache-miss
1343 http fetch GET 200 https://registry.npmjs.org/is-set 47ms (cache miss)
1344 silly packumentCache full:https://registry.npmjs.org/is-set set size:undefined disposed:false
1345 silly fetch manifest object.assign@^4.1.7
1346 silly packumentCache full:https://registry.npmjs.org/object.assign cache-miss
1347 http fetch GET 200 https://registry.npmjs.org/is-regex 53ms (cache miss)
1348 silly packumentCache full:https://registry.npmjs.org/is-regex set size:undefined disposed:false
1349 silly fetch manifest own-keys@^1.0.1
1350 silly packumentCache full:https://registry.npmjs.org/own-keys cache-miss
1351 http fetch GET 200 https://registry.npmjs.org/is-weakref 43ms (cache miss)
1352 silly packumentCache full:https://registry.npmjs.org/is-weakref set size:undefined disposed:false
1353 silly fetch manifest regexp.prototype.flags@^1.5.4
1354 silly packumentCache full:https://registry.npmjs.org/regexp.prototype.flags cache-miss
1355 http cache https://registry.npmjs.org/regexp.prototype.flags 1ms (cache hit)
1356 silly packumentCache full:https://registry.npmjs.org/regexp.prototype.flags set size:60621 disposed:false
1357 silly fetch manifest safe-array-concat@^1.1.3
1358 silly packumentCache full:https://registry.npmjs.org/safe-array-concat cache-miss
1359 http fetch GET 200 https://registry.npmjs.org/is-shared-array-buffer 54ms (cache miss)
1360 silly packumentCache full:https://registry.npmjs.org/is-shared-array-buffer set size:undefined disposed:false
1361 silly fetch manifest safe-push-apply@^1.0.0
1362 silly packumentCache full:https://registry.npmjs.org/safe-push-apply cache-miss
1363 http fetch GET 200 https://registry.npmjs.org/is-string 54ms (cache miss)
1364 silly packumentCache full:https://registry.npmjs.org/is-string set size:undefined disposed:false
1365 silly fetch manifest safe-regex-test@^1.1.0
1366 silly packumentCache full:https://registry.npmjs.org/safe-regex-test cache-miss
1367 http fetch GET 200 https://registry.npmjs.org/object.assign 44ms (cache miss)
1368 silly packumentCache full:https://registry.npmjs.org/object.assign set size:undefined disposed:false
1369 silly fetch manifest set-proto@^1.0.0
1370 silly packumentCache full:https://registry.npmjs.org/set-proto cache-miss
1371 http fetch GET 200 https://registry.npmjs.org/is-typed-array 65ms (cache miss)
1372 silly packumentCache full:https://registry.npmjs.org/is-typed-array set size:undefined disposed:false
1373 silly fetch manifest stop-iteration-iterator@^1.1.0
1374 silly packumentCache full:https://registry.npmjs.org/stop-iteration-iterator cache-miss
1375 http fetch GET 200 https://registry.npmjs.org/object-inspect 62ms (cache miss)
1376 silly packumentCache full:https://registry.npmjs.org/object-inspect set size:undefined disposed:false
1377 silly fetch manifest string.prototype.trim@^1.2.10
1378 silly packumentCache full:https://registry.npmjs.org/string.prototype.trim cache-miss
1379 http fetch GET 200 https://registry.npmjs.org/safe-array-concat 40ms (cache miss)
1380 silly packumentCache full:https://registry.npmjs.org/safe-array-concat set size:undefined disposed:false
1381 silly fetch manifest string.prototype.trimend@^1.0.9
1382 silly packumentCache full:https://registry.npmjs.org/string.prototype.trimend cache-miss
1383 http fetch GET 200 https://registry.npmjs.org/own-keys 74ms (cache miss)
1384 silly packumentCache full:https://registry.npmjs.org/own-keys set size:undefined disposed:false
1385 silly fetch manifest string.prototype.trimstart@^1.0.8
1386 silly packumentCache full:https://registry.npmjs.org/string.prototype.trimstart cache-miss
1387 http fetch GET 200 https://registry.npmjs.org/safe-push-apply 43ms (cache miss)
1388 silly packumentCache full:https://registry.npmjs.org/safe-push-apply set size:undefined disposed:false
1389 silly fetch manifest typed-array-buffer@^1.0.3
1390 silly packumentCache full:https://registry.npmjs.org/typed-array-buffer cache-miss
1391 http fetch GET 200 https://registry.npmjs.org/set-proto 40ms (cache miss)
1392 silly packumentCache full:https://registry.npmjs.org/set-proto set size:undefined disposed:false
1393 silly fetch manifest typed-array-byte-length@^1.0.3
1394 silly packumentCache full:https://registry.npmjs.org/typed-array-byte-length cache-miss
1395 http fetch GET 200 https://registry.npmjs.org/safe-regex-test 54ms (cache miss)
1396 silly packumentCache full:https://registry.npmjs.org/safe-regex-test set size:undefined disposed:false
1397 silly fetch manifest typed-array-byte-offset@^1.0.4
1398 silly packumentCache full:https://registry.npmjs.org/typed-array-byte-offset cache-miss
1399 http fetch GET 200 https://registry.npmjs.org/stop-iteration-iterator 60ms (cache miss)
1400 silly packumentCache full:https://registry.npmjs.org/stop-iteration-iterator set size:undefined disposed:false
1401 silly fetch manifest typed-array-length@^1.0.7
1402 silly packumentCache full:https://registry.npmjs.org/typed-array-length cache-miss
1403 http fetch GET 200 https://registry.npmjs.org/typed-array-byte-length 40ms (cache miss)
1404 silly packumentCache full:https://registry.npmjs.org/typed-array-byte-length set size:undefined disposed:false
1405 silly fetch manifest unbox-primitive@^1.1.0
1406 silly packumentCache full:https://registry.npmjs.org/unbox-primitive cache-miss
1407 http fetch GET 200 https://registry.npmjs.org/typed-array-buffer 49ms (cache miss)
1408 silly packumentCache full:https://registry.npmjs.org/typed-array-buffer set size:undefined disposed:false
1409 silly fetch manifest which-typed-array@^1.1.19
1410 silly packumentCache full:https://registry.npmjs.org/which-typed-array cache-miss
1411 http fetch GET 200 https://registry.npmjs.org/string.prototype.trimend 55ms (cache miss)
1412 silly packumentCache full:https://registry.npmjs.org/string.prototype.trimend set size:undefined disposed:false
1413 silly fetch manifest define-data-property@^1.1.4
1414 silly packumentCache full:https://registry.npmjs.org/define-data-property cache-miss
1415 http fetch GET 200 https://registry.npmjs.org/string.prototype.trimstart 55ms (cache miss)
1416 silly packumentCache full:https://registry.npmjs.org/string.prototype.trimstart set size:undefined disposed:false
1417 silly fetch manifest functions-have-names@^1.2.3
1418 silly packumentCache full:https://registry.npmjs.org/functions-have-names cache-miss
1419 http cache https://registry.npmjs.org/define-data-property 2ms (cache hit)
1420 silly packumentCache full:https://registry.npmjs.org/define-data-property set size:28048 disposed:false
1421 silly fetch manifest object-inspect@^1.13.3
1422 silly packumentCache full:https://registry.npmjs.org/object-inspect cache-miss
1423 http cache https://registry.npmjs.org/object-inspect 1ms (cache hit)
1424 silly packumentCache full:https://registry.npmjs.org/object-inspect set size:101912 disposed:false
1425 silly fetch manifest side-channel-list@^1.0.0
1426 silly packumentCache full:https://registry.npmjs.org/side-channel-list cache-miss
1427 http fetch GET 200 https://registry.npmjs.org/string.prototype.trim 78ms (cache miss)
1428 silly packumentCache full:https://registry.npmjs.org/string.prototype.trim set size:undefined disposed:false
1429 silly fetch manifest side-channel-map@^1.0.1
1430 silly packumentCache full:https://registry.npmjs.org/side-channel-map cache-miss
1431 http fetch GET 200 https://registry.npmjs.org/typed-array-byte-offset 49ms (cache miss)
1432 silly packumentCache full:https://registry.npmjs.org/typed-array-byte-offset set size:undefined disposed:false
1433 silly fetch manifest side-channel-weakmap@^1.0.2
1434 silly packumentCache full:https://registry.npmjs.org/side-channel-weakmap cache-miss
1435 http fetch GET 200 https://registry.npmjs.org/typed-array-length 59ms (cache miss)
1436 silly packumentCache full:https://registry.npmjs.org/typed-array-length set size:undefined disposed:false
1437 http fetch GET 200 https://registry.npmjs.org/functions-have-names 42ms (cache miss)
1438 silly packumentCache full:https://registry.npmjs.org/functions-have-names set size:undefined disposed:false
1439 http fetch GET 200 https://registry.npmjs.org/which-typed-array 51ms (cache miss)
1440 silly packumentCache full:https://registry.npmjs.org/which-typed-array set size:undefined disposed:false
1441 http fetch GET 200 https://registry.npmjs.org/unbox-primitive 74ms (cache miss)
1442 silly packumentCache full:https://registry.npmjs.org/unbox-primitive set size:undefined disposed:false
1443 http fetch GET 200 https://registry.npmjs.org/side-channel-list 69ms (cache miss)
1444 silly packumentCache full:https://registry.npmjs.org/side-channel-list set size:undefined disposed:false
1445 http fetch GET 200 https://registry.npmjs.org/side-channel-weakmap 70ms (cache miss)
1446 silly packumentCache full:https://registry.npmjs.org/side-channel-weakmap set size:undefined disposed:false
1447 http fetch GET 200 https://registry.npmjs.org/side-channel-map 87ms (cache miss)
1448 silly packumentCache full:https://registry.npmjs.org/side-channel-map set size:undefined disposed:false
1449 silly placeDep ROOT set-function-length@1.2.2 OK for: call-bind@1.0.8 want: ^1.2.2
1450 silly placeDep ROOT define-data-property@1.1.4 OK for: define-properties@1.2.1 want: ^1.0.1
1451 silly placeDep ROOT has-property-descriptors@1.0.2 OK for: define-properties@1.2.1 want: ^1.0.0
1452 silly placeDep ROOT object-keys@1.1.1 OK for: define-properties@1.2.1 want: ^1.1.1
1453 silly placeDep ROOT array-buffer-byte-length@1.0.2 OK for: es-abstract@1.24.1 want: ^1.0.2
1454 silly placeDep ROOT arraybuffer.prototype.slice@1.0.4 OK for: es-abstract@1.24.1 want: ^1.0.4
1455 silly placeDep ROOT available-typed-arrays@1.0.7 OK for: es-abstract@1.24.1 want: ^1.0.7
1456 silly placeDep ROOT data-view-buffer@1.0.2 OK for: es-abstract@1.24.1 want: ^1.0.2
1457 silly placeDep ROOT data-view-byte-length@1.0.2 OK for: es-abstract@1.24.1 want: ^1.0.2
1458 silly placeDep ROOT data-view-byte-offset@1.0.1 OK for: es-abstract@1.24.1 want: ^1.0.1
1459 silly placeDep ROOT es-to-primitive@1.3.0 OK for: es-abstract@1.24.1 want: ^1.3.0
1460 silly placeDep ROOT function.prototype.name@1.1.8 OK for: es-abstract@1.24.1 want: ^1.1.8
1461 silly placeDep ROOT get-symbol-description@1.1.0 OK for: es-abstract@1.24.1 want: ^1.1.0
1462 silly placeDep ROOT globalthis@1.0.4 OK for: es-abstract@1.24.1 want: ^1.0.4
1463 silly placeDep ROOT has-proto@1.2.0 OK for: es-abstract@1.24.1 want: ^1.2.0
1464 silly placeDep ROOT is-array-buffer@3.0.5 OK for: es-abstract@1.24.1 want: ^3.0.5
1465 silly placeDep ROOT is-callable@1.2.7 OK for: es-abstract@1.24.1 want: ^1.2.7
1466 silly placeDep ROOT is-data-view@1.0.2 OK for: es-abstract@1.24.1 want: ^1.0.2
1467 silly placeDep ROOT is-negative-zero@2.0.3 OK for: es-abstract@1.24.1 want: ^2.0.3
1468 silly placeDep ROOT is-regex@1.2.1 OK for: es-abstract@1.24.1 want: ^1.2.1
1469 silly placeDep ROOT is-set@2.0.3 OK for: es-abstract@1.24.1 want: ^2.0.3
1470 silly placeDep ROOT is-shared-array-buffer@1.0.4 OK for: es-abstract@1.24.1 want: ^1.0.4
1471 silly placeDep ROOT is-string@1.1.1 OK for: es-abstract@1.24.1 want: ^1.1.1
1472 silly placeDep ROOT is-typed-array@1.1.15 OK for: es-abstract@1.24.1 want: ^1.1.15
1473 silly placeDep ROOT is-weakref@1.1.1 OK for: es-abstract@1.24.1 want: ^1.1.1
1474 silly placeDep ROOT object-inspect@1.13.4 OK for: es-abstract@1.24.1 want: ^1.13.4
1475 silly placeDep ROOT object.assign@4.1.7 OK for: es-abstract@1.24.1 want: ^4.1.7
1476 silly placeDep ROOT own-keys@1.0.1 OK for: es-abstract@1.24.1 want: ^1.0.1
1477 silly placeDep ROOT safe-array-concat@1.1.3 OK for: es-abstract@1.24.1 want: ^1.1.3
1478 silly placeDep ROOT safe-push-apply@1.0.0 OK for: es-abstract@1.24.1 want: ^1.0.0
1479 silly placeDep ROOT safe-regex-test@1.1.0 OK for: es-abstract@1.24.1 want: ^1.1.0
1480 silly placeDep ROOT set-proto@1.0.0 OK for: es-abstract@1.24.1 want: ^1.0.0
1481 silly placeDep ROOT stop-iteration-iterator@1.1.0 OK for: es-abstract@1.24.1 want: ^1.1.0
1482 silly placeDep ROOT string.prototype.trim@1.2.10 OK for: es-abstract@1.24.1 want: ^1.2.10
1483 silly placeDep ROOT string.prototype.trimend@1.0.9 OK for: es-abstract@1.24.1 want: ^1.0.9
1484 silly placeDep ROOT string.prototype.trimstart@1.0.8 OK for: es-abstract@1.24.1 want: ^1.0.8
1485 silly placeDep ROOT typed-array-buffer@1.0.3 OK for: es-abstract@1.24.1 want: ^1.0.3
1486 silly placeDep ROOT typed-array-byte-length@1.0.3 OK for: es-abstract@1.24.1 want: ^1.0.3
1487 silly placeDep ROOT typed-array-byte-offset@1.0.4 OK for: es-abstract@1.24.1 want: ^1.0.4
1488 silly placeDep ROOT typed-array-length@1.0.7 OK for: es-abstract@1.24.1 want: ^1.0.7
1489 silly placeDep ROOT unbox-primitive@1.1.0 OK for: es-abstract@1.24.1 want: ^1.1.0
1490 silly placeDep ROOT which-typed-array@1.1.19 OK for: es-abstract@1.24.1 want: ^1.1.19
1491 silly fetch manifest is-array-buffer@^3.0.4
1492 silly packumentCache full:https://registry.npmjs.org/is-array-buffer cache-miss
1493 silly fetch manifest possible-typed-array-names@^1.0.0
1494 silly packumentCache full:https://registry.npmjs.org/possible-typed-array-names cache-miss
1495 silly fetch manifest is-data-view@^1.0.1
1496 silly packumentCache full:https://registry.npmjs.org/is-data-view cache-miss
1497 silly fetch manifest is-date-object@^1.0.5
1498 silly packumentCache full:https://registry.npmjs.org/is-date-object cache-miss
1499 silly fetch manifest is-symbol@^1.0.4
1500 silly packumentCache full:https://registry.npmjs.org/is-symbol cache-miss
1501 silly fetch manifest is-typed-array@^1.1.13
1502 silly packumentCache full:https://registry.npmjs.org/is-typed-array cache-miss
1503 silly fetch manifest which-typed-array@^1.1.16
1504 silly packumentCache full:https://registry.npmjs.org/which-typed-array cache-miss
1505 http cache https://registry.npmjs.org/is-typed-array 3ms (cache hit)
1506 silly packumentCache full:https://registry.npmjs.org/is-typed-array set size:79965 disposed:false
1507 silly fetch manifest isarray@^2.0.5
1508 silly packumentCache full:https://registry.npmjs.org/isarray cache-miss
1509 http cache https://registry.npmjs.org/is-data-view 5ms (cache hit)
1510 silly packumentCache full:https://registry.npmjs.org/is-data-view set size:13756 disposed:false
1511 silly fetch manifest isarray@^2.0.5
1512 silly packumentCache full:https://registry.npmjs.org/isarray cache-miss
1513 http cache https://registry.npmjs.org/which-typed-array 4ms (cache hit)
1514 silly packumentCache full:https://registry.npmjs.org/which-typed-array set size:89701 disposed:false
1515 silly fetch manifest for-each@^0.3.3
1516 silly packumentCache full:https://registry.npmjs.org/for-each cache-miss
1517 http cache https://registry.npmjs.org/is-array-buffer 6ms (cache hit)
1518 silly packumentCache full:https://registry.npmjs.org/is-array-buffer set size:33562 disposed:false
1519 silly fetch manifest for-each@^0.3.3
1520 silly packumentCache full:https://registry.npmjs.org/for-each cache-miss
1521 http fetch GET 200 https://registry.npmjs.org/isarray 42ms (cache miss)
1522 silly packumentCache full:https://registry.npmjs.org/isarray set size:undefined disposed:false
1523 silly fetch manifest reflect.getprototypeof@^1.0.9
1524 silly packumentCache full:https://registry.npmjs.org/reflect.getprototypeof cache-miss
1525 http fetch GET 200 https://registry.npmjs.org/possible-typed-array-names 50ms (cache miss)
1526 silly packumentCache full:https://registry.npmjs.org/possible-typed-array-names set size:undefined disposed:false
1527 silly fetch manifest for-each@^0.3.3
1528 silly packumentCache full:https://registry.npmjs.org/for-each cache-miss
1529 http fetch GET 200 https://registry.npmjs.org/is-symbol 51ms (cache miss)
1530 silly packumentCache full:https://registry.npmjs.org/is-symbol set size:undefined disposed:false
1531 silly fetch manifest reflect.getprototypeof@^1.0.6
1532 silly packumentCache full:https://registry.npmjs.org/reflect.getprototypeof cache-miss
1533 http fetch GET 200 https://registry.npmjs.org/for-each 48ms (cache miss)
1534 silly packumentCache full:https://registry.npmjs.org/for-each set size:undefined disposed:false
1535 silly fetch manifest has-bigints@^1.0.2
1536 silly packumentCache full:https://registry.npmjs.org/has-bigints cache-miss
1537 http fetch GET 200 https://registry.npmjs.org/is-date-object 57ms (cache miss)
1538 silly packumentCache full:https://registry.npmjs.org/is-date-object set size:undefined disposed:false
1539 silly fetch manifest which-boxed-primitive@^1.1.1
1540 silly packumentCache full:https://registry.npmjs.org/which-boxed-primitive cache-miss
1541 http fetch GET 200 https://registry.npmjs.org/for-each 58ms (cache miss)
1542 silly packumentCache full:https://registry.npmjs.org/for-each set size:undefined disposed:false
1543 silly fetch manifest for-each@^0.3.5
1544 silly packumentCache full:https://registry.npmjs.org/for-each cache-miss
1545 http cache https://registry.npmjs.org/for-each 1ms (cache hit)
1546 silly packumentCache full:https://registry.npmjs.org/for-each set size:14327 disposed:false
1547 http fetch GET 200 https://registry.npmjs.org/reflect.getprototypeof 45ms (cache miss)
1548 silly packumentCache full:https://registry.npmjs.org/reflect.getprototypeof set size:undefined disposed:false
1549 http fetch GET 200 https://registry.npmjs.org/isarray 88ms (cache miss)
1550 silly packumentCache full:https://registry.npmjs.org/isarray set size:undefined disposed:false
1551 http fetch GET 200 https://registry.npmjs.org/for-each 51ms (cache miss)
1552 silly packumentCache full:https://registry.npmjs.org/for-each set size:undefined disposed:false
1553 silly packumentCache full:https://registry.npmjs.org/for-each dispose
1554 http fetch GET 200 https://registry.npmjs.org/has-bigints 49ms (cache miss)
1555 silly packumentCache full:https://registry.npmjs.org/has-bigints set size:undefined disposed:false
1556 http fetch GET 200 https://registry.npmjs.org/reflect.getprototypeof 55ms (cache miss)
1557 silly packumentCache full:https://registry.npmjs.org/reflect.getprototypeof set size:undefined disposed:false
1558 http fetch GET 200 https://registry.npmjs.org/which-boxed-primitive 49ms (cache miss)
1559 silly packumentCache full:https://registry.npmjs.org/which-boxed-primitive set size:undefined disposed:false
1560 silly placeDep ROOT possible-typed-array-names@1.1.0 OK for: available-typed-arrays@1.0.7 want: ^1.0.0
1561 silly placeDep ROOT is-date-object@1.1.0 OK for: es-to-primitive@1.3.0 want: ^1.0.5
1562 silly placeDep ROOT is-symbol@1.1.1 OK for: es-to-primitive@1.3.0 want: ^1.0.4
1563 silly placeDep ROOT functions-have-names@1.2.3 OK for: function.prototype.name@1.1.8 want: ^1.2.3
1564 silly placeDep node_modules/safe-array-concat isarray@2.0.5 OK for: safe-array-concat@1.1.3 want: ^2.0.5
1565 silly placeDep node_modules/safe-push-apply isarray@2.0.5 OK for: safe-push-apply@1.0.0 want: ^2.0.5
1566 silly placeDep ROOT side-channel-list@1.0.0 OK for: side-channel@1.1.0 want: ^1.0.0
1567 silly placeDep ROOT side-channel-map@1.0.1 OK for: side-channel@1.1.0 want: ^1.0.1
1568 silly placeDep ROOT side-channel-weakmap@1.0.2 OK for: side-channel@1.1.0 want: ^1.0.2
1569 silly placeDep ROOT get-own-enumerable-property-symbols@3.0.2 OK for: stringify-object@3.3.0 want: ^3.0.0
1570 silly placeDep ROOT is-obj@1.0.1 OK for: stringify-object@3.3.0 want: ^1.0.1
1571 silly placeDep ROOT is-regexp@1.0.0 OK for: stringify-object@3.3.0 want: ^1.0.0
1572 silly placeDep ROOT is-stream@2.0.1 OK for: tempy@0.6.0 want: ^2.0.0
1573 silly placeDep ROOT temp-dir@2.0.0 OK for: tempy@0.6.0 want: ^2.0.0
1574 silly placeDep ROOT type-fest@0.16.0 OK for: tempy@0.6.0 want: ^0.16.0
1575 silly placeDep ROOT unique-string@2.0.0 OK for: tempy@0.6.0 want: ^2.0.0
1576 silly fetch manifest crypto-random-string@^2.0.0
1577 silly packumentCache full:https://registry.npmjs.org/crypto-random-string cache-miss
1578 http fetch GET 200 https://registry.npmjs.org/crypto-random-string 72ms (cache miss)
1579 silly packumentCache full:https://registry.npmjs.org/crypto-random-string set size:undefined disposed:false
1580 silly placeDep ROOT @jridgewell/source-map@0.3.11 OK for: terser@5.44.1 want: ^0.3.3
1581 silly placeDep ROOT acorn@8.15.0 OK for: terser@5.44.1 want: ^8.15.0
1582 silly placeDep node_modules/terser commander@2.20.3 OK for: terser@5.44.1 want: ^2.20.0
1583 silly placeDep ROOT source-map-support@0.5.21 OK for: terser@5.44.1 want: ~0.5.20
1584 silly fetch manifest buffer-from@^1.0.0
1585 silly packumentCache full:https://registry.npmjs.org/buffer-from cache-miss
1586 silly fetch manifest source-map@^0.6.0
1587 silly packumentCache full:https://registry.npmjs.org/source-map cache-miss
1588 http cache https://registry.npmjs.org/source-map 2ms (cache hit)
1589 silly packumentCache full:https://registry.npmjs.org/source-map set size:226141 disposed:false
1590 http fetch GET 200 https://registry.npmjs.org/buffer-from 44ms (cache miss)
1591 silly packumentCache full:https://registry.npmjs.org/buffer-from set size:undefined disposed:false
1592 silly placeDep ROOT buffer-from@1.1.2 OK for: source-map-support@0.5.21 want: ^1.0.0
1593 silly placeDep node_modules/source-map-support source-map@0.6.1 OK for: source-map-support@0.5.21 want: ^0.6.0
1594 silly placeDep ROOT for-each@0.3.5 OK for: typed-array-byte-length@1.0.3 want: ^0.3.3
1595 silly placeDep ROOT reflect.getprototypeof@1.0.10 OK for: typed-array-byte-offset@1.0.4 want: ^1.0.9
1596 silly fetch manifest which-builtin-type@^1.2.1
1597 silly packumentCache full:https://registry.npmjs.org/which-builtin-type cache-miss
1598 http fetch GET 200 https://registry.npmjs.org/which-builtin-type 64ms (cache miss)
1599 silly packumentCache full:https://registry.npmjs.org/which-builtin-type set size:undefined disposed:false
1600 silly placeDep ROOT which-builtin-type@1.2.1 OK for: reflect.getprototypeof@1.0.10 want: ^1.2.1
1601 silly fetch manifest is-async-function@^2.0.0
1602 silly packumentCache full:https://registry.npmjs.org/is-async-function cache-miss
1603 silly fetch manifest is-finalizationregistry@^1.1.0
1604 silly packumentCache full:https://registry.npmjs.org/is-finalizationregistry cache-miss
1605 silly fetch manifest is-generator-function@^1.0.10
1606 silly packumentCache full:https://registry.npmjs.org/is-generator-function cache-miss
1607 silly fetch manifest which-boxed-primitive@^1.1.0
1608 silly packumentCache full:https://registry.npmjs.org/which-boxed-primitive cache-miss
1609 silly fetch manifest which-collection@^1.0.2
1610 silly packumentCache full:https://registry.npmjs.org/which-collection cache-miss
1611 http cache https://registry.npmjs.org/which-boxed-primitive 3ms (cache hit)
1612 silly packumentCache full:https://registry.npmjs.org/which-boxed-primitive set size:19407 disposed:false
1613 http fetch GET 200 https://registry.npmjs.org/is-async-function 53ms (cache miss)
1614 silly packumentCache full:https://registry.npmjs.org/is-async-function set size:undefined disposed:false
1615 http fetch GET 200 https://registry.npmjs.org/which-collection 54ms (cache miss)
1616 silly packumentCache full:https://registry.npmjs.org/which-collection set size:undefined disposed:false
1617 http fetch GET 200 https://registry.npmjs.org/is-generator-function 65ms (cache miss)
1618 silly packumentCache full:https://registry.npmjs.org/is-generator-function set size:undefined disposed:false
1619 http fetch GET 200 https://registry.npmjs.org/is-finalizationregistry 66ms (cache miss)
1620 silly packumentCache full:https://registry.npmjs.org/is-finalizationregistry set size:undefined disposed:false
1621 silly placeDep ROOT has-bigints@1.1.0 OK for: unbox-primitive@1.1.0 want: ^1.0.2
1622 silly placeDep ROOT which-boxed-primitive@1.1.1 OK for: unbox-primitive@1.1.0 want: ^1.1.1
1623 silly fetch manifest is-bigint@^1.1.0
1624 silly packumentCache full:https://registry.npmjs.org/is-bigint cache-miss
1625 silly fetch manifest is-boolean-object@^1.2.1
1626 silly packumentCache full:https://registry.npmjs.org/is-boolean-object cache-miss
1627 silly fetch manifest is-number-object@^1.1.1
1628 silly packumentCache full:https://registry.npmjs.org/is-number-object cache-miss
1629 http fetch GET 200 https://registry.npmjs.org/is-bigint 48ms (cache miss)
1630 silly packumentCache full:https://registry.npmjs.org/is-bigint set size:undefined disposed:false
1631 http fetch GET 200 https://registry.npmjs.org/is-boolean-object 54ms (cache miss)
1632 silly packumentCache full:https://registry.npmjs.org/is-boolean-object set size:undefined disposed:false
1633 http fetch GET 200 https://registry.npmjs.org/is-number-object 63ms (cache miss)
1634 silly packumentCache full:https://registry.npmjs.org/is-number-object set size:undefined disposed:false
1635 silly placeDep ROOT unicode-canonical-property-names-ecmascript@2.0.1 OK for: unicode-match-property-ecmascript@2.0.0 want: ^2.0.0
1636 silly placeDep ROOT unicode-property-aliases-ecmascript@2.2.0 OK for: unicode-match-property-ecmascript@2.0.0 want: ^2.0.0
1637 silly placeDep ROOT crypto-random-string@2.0.0 OK for: unique-string@2.0.0 want: ^2.0.0
1638 silly placeDep ROOT is-bigint@1.1.0 OK for: which-boxed-primitive@1.1.1 want: ^1.1.0
1639 silly placeDep ROOT is-boolean-object@1.2.2 OK for: which-boxed-primitive@1.1.1 want: ^1.2.1
1640 silly placeDep ROOT is-number-object@1.1.1 OK for: which-boxed-primitive@1.1.1 want: ^1.1.1
1641 silly placeDep ROOT is-async-function@2.1.1 OK for: which-builtin-type@1.2.1 want: ^2.0.0
1642 silly placeDep ROOT is-finalizationregistry@1.1.1 OK for: which-builtin-type@1.2.1 want: ^1.1.0
1643 silly placeDep ROOT is-generator-function@1.1.2 OK for: which-builtin-type@1.2.1 want: ^1.0.10
1644 silly placeDep node_modules/which-builtin-type isarray@2.0.5 OK for: which-builtin-type@1.2.1 want: ^2.0.5
1645 silly placeDep ROOT which-collection@1.0.2 OK for: which-builtin-type@1.2.1 want: ^1.0.2
1646 silly fetch manifest async-function@^1.0.0
1647 silly packumentCache full:https://registry.npmjs.org/async-function cache-miss
1648 silly fetch manifest generator-function@^2.0.0
1649 silly packumentCache full:https://registry.npmjs.org/generator-function cache-miss
1650 silly fetch manifest is-map@^2.0.3
1651 silly packumentCache full:https://registry.npmjs.org/is-map cache-miss
1652 silly fetch manifest is-weakmap@^2.0.2
1653 silly packumentCache full:https://registry.npmjs.org/is-weakmap cache-miss
1654 silly fetch manifest is-weakset@^2.0.3
1655 silly packumentCache full:https://registry.npmjs.org/is-weakset cache-miss
1656 http fetch GET 200 https://registry.npmjs.org/generator-function 53ms (cache miss)
1657 silly packumentCache full:https://registry.npmjs.org/generator-function set size:undefined disposed:false
1658 http fetch GET 200 https://registry.npmjs.org/is-weakmap 56ms (cache miss)
1659 silly packumentCache full:https://registry.npmjs.org/is-weakmap set size:undefined disposed:false
1660 http fetch GET 200 https://registry.npmjs.org/is-weakset 60ms (cache miss)
1661 silly packumentCache full:https://registry.npmjs.org/is-weakset set size:undefined disposed:false
1662 http fetch GET 200 https://registry.npmjs.org/is-map 61ms (cache miss)
1663 silly packumentCache full:https://registry.npmjs.org/is-map set size:undefined disposed:false
1664 http fetch GET 200 https://registry.npmjs.org/async-function 94ms (cache miss)
1665 silly packumentCache full:https://registry.npmjs.org/async-function set size:undefined disposed:false
1666 silly placeDep ROOT async-function@1.0.0 OK for: is-async-function@2.1.1 want: ^1.0.0
1667 silly placeDep ROOT generator-function@2.0.1 OK for: is-generator-function@1.1.2 want: ^2.0.0
1668 silly placeDep ROOT is-map@2.0.3 OK for: which-collection@1.0.2 want: ^2.0.3
1669 silly placeDep ROOT is-weakmap@2.0.2 OK for: which-collection@1.0.2 want: ^2.0.2
1670 silly placeDep ROOT is-weakset@2.0.4 OK for: which-collection@1.0.2 want: ^2.0.3
1671 silly placeDep ROOT idb@7.1.1 OK for: workbox-background-sync@7.4.0 want: ^7.0.1
1672 silly placeDep ROOT eastasianwidth@0.2.0 OK for: string-width@5.1.2 want: ^0.2.0
1673 silly placeDep node_modules/@isaacs/cliui emoji-regex@9.2.2 OK for: string-width@5.1.2 want: ^9.2.2
1674 silly placeDep node_modules/@isaacs/cliui ansi-regex@6.2.2 OK for: strip-ansi@7.1.2 want: ^6.0.1
1675 silly placeDep node_modules/@isaacs/cliui ansi-styles@6.2.3 OK for: wrap-ansi@8.1.0 want: ^6.1.0
1676 silly placeDep node_modules/@rollup/plugin-node-resolve estree-walker@2.0.2 OK for: @rollup/pluginutils@5.3.0 want: ^2.0.2
1677 silly placeDep node_modules/@rollup/plugin-node-resolve picomatch@4.0.3 OK for: @rollup/pluginutils@5.3.0 want: ^4.0.2
1678 silly placeDep ROOT sourcemap-codec@1.4.8 OK for: magic-string@0.25.9 want: ^1.4.8
1679 silly placeDep node_modules/cross-spawn isexe@2.0.0 OK for: which@2.0.2 want: ^2.0.0
1680 silly placeDep ROOT brace-expansion@2.0.2 OK for: minimatch@5.1.6 want: ^2.0.1
1681 silly fetch manifest balanced-match@^1.0.0
1682 silly packumentCache full:https://registry.npmjs.org/balanced-match cache-miss
1683 http fetch GET 200 https://registry.npmjs.org/balanced-match 48ms (cache miss)
1684 silly packumentCache full:https://registry.npmjs.org/balanced-match set size:undefined disposed:false
1685 silly placeDep ROOT balanced-match@1.0.2 OK for: brace-expansion@2.0.2 want: ^1.0.0
1686 silly placeDep ROOT lodash.sortby@4.7.0 OK for: whatwg-url@7.1.0 want: ^4.7.0
1687 silly placeDep node_modules/source-map tr46@1.0.1 OK for: whatwg-url@7.1.0 want: ^1.0.1
1688 silly placeDep node_modules/source-map webidl-conversions@4.0.2 OK for: whatwg-url@7.1.0 want: ^4.0.2
1689 silly reify moves {}
1690 silly audit bulk request {
1690 silly audit   '@acemir/cssom': [ '0.9.30' ],
1690 silly audit   '@adobe/css-tools': [ '4.4.4' ],
1690 silly audit   '@alloc/quick-lru': [ '5.2.0' ],
1690 silly audit   '@asamuzakjp/css-color': [ '4.1.1' ],
1690 silly audit   'lru-cache': [ '11.2.4', '5.1.1' ],
1690 silly audit   '@asamuzakjp/dom-selector': [ '6.7.6' ],
1690 silly audit   '@asamuzakjp/nwsapi': [ '2.3.9' ],
1690 silly audit   '@babel/code-frame': [ '7.27.1' ],
1690 silly audit   '@babel/compat-data': [ '7.28.5' ],
1690 silly audit   '@babel/core': [ '7.28.5' ],
1690 silly audit   '@babel/generator': [ '7.28.5' ],
1690 silly audit   '@babel/helper-compilation-targets': [ '7.27.2' ],
1690 silly audit   '@babel/helper-globals': [ '7.28.0' ],
1690 silly audit   '@babel/helper-module-imports': [ '7.27.1' ],
1690 silly audit   '@babel/helper-module-transforms': [ '7.28.3' ],
1690 silly audit   '@babel/helper-plugin-utils': [ '7.27.1' ],
1690 silly audit   '@babel/helper-string-parser': [ '7.27.1' ],
1690 silly audit   '@babel/helper-validator-identifier': [ '7.28.5' ],
1690 silly audit   '@babel/helper-validator-option': [ '7.27.1' ],
1690 silly audit   '@babel/helpers': [ '7.28.4' ],
1690 silly audit   '@babel/parser': [ '7.28.5' ],
1690 silly audit   '@babel/plugin-transform-react-jsx-self': [ '7.27.1' ],
1690 silly audit   '@babel/plugin-transform-react-jsx-source': [ '7.27.1' ],
1690 silly audit   '@babel/runtime': [ '7.28.4' ],
1690 silly audit   '@babel/template': [ '7.27.2' ],
1690 silly audit   '@babel/traverse': [ '7.28.5' ],
1690 silly audit   '@babel/types': [ '7.28.5' ],
1690 silly audit   '@csstools/color-helpers': [ '5.1.0' ],
1690 silly audit   '@csstools/css-calc': [ '2.1.4' ],
1690 silly audit   '@csstools/css-color-parser': [ '3.1.0' ],
1690 silly audit   '@csstools/css-parser-algorithms': [ '3.0.5' ],
1690 silly audit   '@csstools/css-syntax-patches-for-csstree': [ '1.0.22' ],
1690 silly audit   '@csstools/css-tokenizer': [ '3.0.4' ],
1690 silly audit   '@esbuild/aix-ppc64': [ '0.21.5', '0.27.2' ],
1690 silly audit   '@esbuild/android-arm': [ '0.21.5', '0.27.2' ],
1690 silly audit   '@esbuild/android-arm64': [ '0.21.5', '0.27.2' ],
1690 silly audit   '@esbuild/android-x64': [ '0.21.5', '0.27.2' ],
1690 silly audit   '@esbuild/darwin-arm64': [ '0.21.5', '0.27.2' ],
1690 silly audit   '@esbuild/darwin-x64': [ '0.21.5', '0.27.2' ],
1690 silly audit   '@esbuild/freebsd-arm64': [ '0.21.5', '0.27.2' ],
1690 silly audit   '@esbuild/freebsd-x64': [ '0.21.5', '0.27.2' ],
1690 silly audit   '@esbuild/linux-arm': [ '0.21.5', '0.27.2' ],
1690 silly audit   '@esbuild/linux-arm64': [ '0.21.5', '0.27.2' ],
1690 silly audit   '@esbuild/linux-ia32': [ '0.21.5', '0.27.2' ],
1690 silly audit   '@esbuild/linux-loong64': [ '0.21.5', '0.27.2' ],
1690 silly audit   '@esbuild/linux-mips64el': [ '0.21.5', '0.27.2' ],
1690 silly audit   '@esbuild/linux-ppc64': [ '0.21.5', '0.27.2' ],
1690 silly audit   '@esbuild/linux-riscv64': [ '0.21.5', '0.27.2' ],
1690 silly audit   '@esbuild/linux-s390x': [ '0.21.5', '0.27.2' ],
1690 silly audit   '@esbuild/linux-x64': [ '0.21.5', '0.27.2' ],
1690 silly audit   '@esbuild/netbsd-arm64': [ '0.27.2' ],
1690 silly audit   '@esbuild/netbsd-x64': [ '0.21.5', '0.27.2' ],
1690 silly audit   '@esbuild/openbsd-arm64': [ '0.27.2' ],
1690 silly audit   '@esbuild/openbsd-x64': [ '0.21.5', '0.27.2' ],
1690 silly audit   '@esbuild/openharmony-arm64': [ '0.27.2' ],
1690 silly audit   '@esbuild/sunos-x64': [ '0.21.5', '0.27.2' ],
1690 silly audit   '@esbuild/win32-arm64': [ '0.21.5', '0.27.2' ],
1690 silly audit   '@esbuild/win32-ia32': [ '0.21.5', '0.27.2' ],
1690 silly audit   '@esbuild/win32-x64': [ '0.21.5', '0.27.2' ],
1690 silly audit   '@exodus/bytes': [ '1.7.0' ],
1690 silly audit   '@jridgewell/gen-mapping': [ '0.3.13' ],
1690 silly audit   '@jridgewell/remapping': [ '2.3.5' ],
1690 silly audit   '@jridgewell/resolve-uri': [ '3.1.2' ],
1690 silly audit   '@jridgewell/sourcemap-codec': [ '1.5.5' ],
1690 silly audit   '@jridgewell/trace-mapping': [ '0.3.31' ],
1690 silly audit   '@mapbox/geojson-rewind': [ '0.5.2' ],
1690 silly audit   '@mapbox/jsonlint-lines-primitives': [ '2.0.2' ],
1690 silly audit   '@mapbox/point-geometry': [ '0.1.0' ],
1690 silly audit   '@mapbox/tiny-sdf': [ '2.0.7' ],
1690 silly audit   '@mapbox/unitbezier': [ '0.0.1' ],
1690 silly audit   '@mapbox/vector-tile': [ '1.3.1' ],
1690 silly audit   '@mapbox/whoots-js': [ '3.1.0' ],
1690 silly audit   '@maplibre/maplibre-gl-style-spec': [ '20.4.0' ],
1690 silly audit   quickselect: [ '2.0.0', '3.0.0' ],
1690 silly audit   '@nodelib/fs.scandir': [ '2.1.5' ],
1690 silly audit   '@nodelib/fs.stat': [ '2.0.5' ],
1690 silly audit   '@nodelib/fs.walk': [ '1.2.8' ],
1690 silly audit   '@react-leaflet/core': [ '3.0.0' ],
1690 silly audit   '@react-pdf/fns': [ '3.1.2' ],
1690 silly audit   '@react-pdf/font': [ '4.0.4' ],
1690 silly audit   '@react-pdf/image': [ '3.0.4' ],
1690 silly audit   '@react-pdf/layout': [ '4.4.2' ],
1690 silly audit   '@react-pdf/pdfkit': [ '4.1.0' ],
1690 silly audit   '@react-pdf/png-js': [ '3.0.0' ],
1690 silly audit   '@react-pdf/primitives': [ '4.1.1' ],
1690 silly audit   '@react-pdf/reconciler': [ '2.0.0' ],
1690 silly audit   scheduler: [ '0.25.0-rc-603e6108-20241029', '0.23.2' ],
1690 silly audit   '@react-pdf/render': [ '4.3.2' ],
1690 silly audit   '@react-pdf/renderer': [ '4.3.2' ],
1690 silly audit   '@react-pdf/stylesheet': [ '6.1.2' ],
1690 silly audit   '@react-pdf/textkit': [ '6.1.0' ],
1690 silly audit   '@react-pdf/types': [ '2.9.2' ],
1690 silly audit   '@rolldown/pluginutils': [ '1.0.0-beta.27' ],
1690 silly audit   '@rollup/rollup-android-arm-eabi': [ '4.54.0' ],
1690 silly audit   '@rollup/rollup-android-arm64': [ '4.54.0' ],
1690 silly audit   '@rollup/rollup-darwin-arm64': [ '4.54.0' ],
1690 silly audit   '@rollup/rollup-darwin-x64': [ '4.54.0' ],
1690 silly audit   '@rollup/rollup-freebsd-arm64': [ '4.54.0' ],
1690 silly audit   '@rollup/rollup-freebsd-x64': [ '4.54.0' ],
1690 silly audit   '@rollup/rollup-linux-arm-gnueabihf': [ '4.54.0' ],
1690 silly audit   '@rollup/rollup-linux-arm-musleabihf': [ '4.54.0' ],
1690 silly audit   '@rollup/rollup-linux-arm64-gnu': [ '4.54.0' ],
1690 silly audit   '@rollup/rollup-linux-arm64-musl': [ '4.54.0' ],
1690 silly audit   '@rollup/rollup-linux-loong64-gnu': [ '4.54.0' ],
1690 silly audit   '@rollup/rollup-linux-ppc64-gnu': [ '4.54.0' ],
1690 silly audit   '@rollup/rollup-linux-riscv64-gnu': [ '4.54.0' ],
1690 silly audit   '@rollup/rollup-linux-riscv64-musl': [ '4.54.0' ],
1690 silly audit   '@rollup/rollup-linux-s390x-gnu': [ '4.54.0' ],
1690 silly audit   '@rollup/rollup-linux-x64-gnu': [ '4.54.0' ],
1690 silly audit   '@rollup/rollup-linux-x64-musl': [ '4.54.0' ],
1690 silly audit   '@rollup/rollup-openharmony-arm64': [ '4.54.0' ],
1690 silly audit   '@rollup/rollup-win32-arm64-msvc': [ '4.54.0' ],
1690 silly audit   '@rollup/rollup-win32-ia32-msvc': [ '4.54.0' ],
1690 silly audit   '@rollup/rollup-win32-x64-gnu': [ '4.54.0' ],
1690 silly audit   '@rollup/rollup-win32-x64-msvc': [ '4.54.0' ],
1690 silly audit   '@standard-schema/spec': [ '1.1.0' ],
1690 silly audit   '@swc/helpers': [ '0.5.18' ],
1690 silly audit   tslib: [ '2.8.1', '2.3.0' ],
1690 silly audit   '@tanstack/react-virtual': [ '3.13.13' ],
1690 silly audit   '@tanstack/virtual-core': [ '3.13.13' ],
1690 silly audit   '@tensorflow/tfjs': [ '4.22.0' ],
1690 silly audit   '@tensorflow/tfjs-backend-cpu': [ '4.22.0' ],
1690 silly audit   '@tensorflow/tfjs-backend-webgl': [ '4.22.0' ],
1690 silly audit   '@tensorflow/tfjs-converter': [ '4.22.0' ],
1690 silly audit   '@tensorflow/tfjs-core': [ '4.22.0' ],
1690 silly audit   '@types/offscreencanvas': [ '2019.7.3', '2019.3.0' ],
1690 silly audit   '@tensorflow/tfjs-data': [ '4.22.0' ],
1690 silly audit   '@tensorflow/tfjs-layers': [ '4.22.0' ],
1690 silly audit   '@testing-library/jest-dom': [ '6.9.1' ],
1690 silly audit   '@testing-library/react': [ '16.3.1' ],
1690 silly audit   '@types/babel__core': [ '7.20.5' ],
1690 silly audit   '@types/babel__generator': [ '7.27.0' ],
1690 silly audit   '@types/babel__template': [ '7.4.4' ],
1690 silly audit   '@types/babel__traverse': [ '7.28.0' ],
1690 silly audit   '@types/chai': [ '5.2.3' ],
1690 silly audit   '@types/deep-eql': [ '4.0.2' ],
1690 silly audit   '@types/estree': [ '1.0.8', '0.0.39' ],
1690 silly audit   '@types/geojson': [ '7946.0.16' ],
1690 silly audit   '@types/geojson-vt': [ '3.2.5' ],
1690 silly audit   '@types/leaflet': [ '1.9.21' ],
1690 silly audit   '@types/long': [ '4.0.2' ],
1690 silly audit   '@types/mapbox__point-geometry': [ '0.1.4' ],
1690 silly audit   '@types/mapbox__vector-tile': [ '1.3.4' ],
1690 silly audit   '@types/node': [ '25.0.3' ],
1690 silly audit   '@types/node-fetch': [ '2.6.13' ],
1690 silly audit   '@types/pako': [ '2.0.4' ],
1690 silly audit   '@types/pbf': [ '3.0.5' ],
1690 silly audit   '@types/prop-types': [ '15.7.15' ],
1690 silly audit   '@types/raf': [ '3.4.3' ],
1690 silly audit   '@types/react': [ '18.3.27' ],
1690 silly audit   '@types/react-dom': [ '18.3.7' ],
1690 silly audit   '@types/react-window': [ '1.8.8' ],
1690 silly audit   '@types/seedrandom': [ '2.4.34' ],
1690 silly audit   '@types/supercluster': [ '7.1.3' ],
1690 silly audit   '@types/trusted-types': [ '2.0.7' ],
1690 silly audit   '@vitejs/plugin-react': [ '4.7.0' ],
1690 silly audit   '@vitest/expect': [ '4.0.16' ],
1690 silly audit   '@vitest/mocker': [ '4.0.16' ],
1690 silly audit   '@vitest/pretty-format': [ '4.0.16' ],
1690 silly audit   '@vitest/runner': [ '4.0.16' ],
1690 silly audit   '@vitest/snapshot': [ '4.0.16' ],
1690 silly audit   '@vitest/spy': [ '4.0.16' ],
1690 silly audit   '@vitest/utils': [ '4.0.16' ],
1690 silly audit   '@webgpu/types': [ '0.1.38' ],
1690 silly audit   'abs-svg-path': [ '0.1.1' ],
1690 silly audit   'agent-base': [ '7.1.4' ],
1690 silly audit   'ansi-regex': [ '5.0.1', '6.2.2' ],
1690 silly audit   'ansi-styles': [ '4.3.0', '6.2.3' ],
1690 silly audit   'any-promise': [ '1.3.0' ],
1690 silly audit   anymatch: [ '3.1.3' ],
1690 silly audit   arg: [ '5.0.2' ],
1690 silly audit   argparse: [ '1.0.10' ],
1690 silly audit   'aria-query': [ '5.3.2' ],
1690 silly audit   arima: [ '0.2.5' ],
1690 silly audit   'assertion-error': [ '2.0.1' ],
1690 silly audit   asynckit: [ '0.4.0' ],
1690 silly audit   autoprefixer: [ '10.4.23' ],
1690 silly audit   'base64-arraybuffer': [ '1.0.2' ],
1690 silly audit   'base64-js': [ '1.5.1', '0.0.8' ],
1690 silly audit   'baseline-browser-mapping': [ '2.9.11' ],
1690 silly audit   'bidi-js': [ '1.0.3' ],
1690 silly audit   'binary-extensions': [ '2.3.0' ],
1690 silly audit   braces: [ '3.0.3' ],
1690 silly audit   brotli: [ '1.3.3' ],
1690 silly audit   'browserify-zlib': [ '0.2.0' ],
1690 silly audit   browserslist: [ '4.28.1' ],
1690 silly audit   'call-bind-apply-helpers': [ '1.0.2' ],
1690 silly audit   'camelcase-css': [ '2.0.1' ],
1690 silly audit   'caniuse-lite': [ '1.0.30001761' ],
1690 silly audit   canvg: [ '3.0.11' ],
1690 silly audit   chai: [ '6.2.2' ],
1690 silly audit   chalk: [ '4.1.2' ],
1690 silly audit   chokidar: [ '3.6.0' ],
1690 silly audit   'glob-parent': [ '5.1.2', '6.0.2' ],
1690 silly audit   cliui: [ '7.0.4' ],
1690 silly audit   clone: [ '2.1.2' ],
1690 silly audit   'color-convert': [ '2.0.1' ],
1690 silly audit   'color-name': [ '1.1.4' ],
1690 silly audit   'color-string': [ '1.9.1' ],
1690 silly audit   'combined-stream': [ '1.0.8' ],
1690 silly audit   commander: [ '4.1.1', '2.20.3' ],
1690 silly audit   'convert-source-map': [ '2.0.0' ],
1690 silly audit   'core-js': [ '3.29.1' ],
1690 silly audit   'core-util-is': [ '1.0.3' ],
1690 silly audit   'crypto-js': [ '4.2.0' ],
1690 silly audit   'css-line-break': [ '2.1.0' ],
1690 silly audit   'css-tree': [ '3.1.0' ],
1690 silly audit   'css.escape': [ '1.5.1' ],
1690 silly audit   cssesc: [ '3.0.0' ],
1690 silly audit   cssstyle: [ '5.3.5' ],
1690 silly audit   csstype: [ '3.2.3' ],
1690 silly audit   'data-urls': [ '6.0.0' ],
1690 silly audit   tr46: [ '6.0.0', '0.0.3', '1.0.1' ],
1690 silly audit   'webidl-conversions': [ '8.0.0', '3.0.1', '4.0.2' ],
1690 silly audit   'whatwg-url': [ '15.1.0', '5.0.0', '7.1.0' ],
1690 silly audit   debug: [ '4.4.3' ],
1690 silly audit   'decimal.js': [ '10.6.0' ],
1690 silly audit   'delayed-stream': [ '1.0.0' ],
1690 silly audit   dexie: [ '3.2.7' ],
1690 silly audit   dfa: [ '1.2.0' ],
1690 silly audit   didyoumean: [ '1.2.2' ],
1690 silly audit   dlv: [ '1.1.3' ],
1690 silly audit   'dom-accessibility-api': [ '0.6.3' ],
1690 silly audit   dompurify: [ '3.3.1' ],
1690 silly audit   'dunder-proto': [ '1.0.1' ],
1690 silly audit   earcut: [ '3.0.2', '2.2.4' ],
1690 silly audit   echarts: [ '6.0.0' ],
1690 silly audit   'echarts-for-react': [ '3.0.5' ],
1690 silly audit   'electron-to-chromium': [ '1.5.267' ],
1690 silly audit   'emoji-regex': [ '8.0.0', '9.2.2' ],
1690 silly audit   'emoji-regex-xs': [ '1.0.0' ],
1690 silly audit   entities: [ '6.0.1' ],
1690 silly audit   'es-define-property': [ '1.0.1' ],
1690 silly audit   'es-errors': [ '1.3.0' ],
1690 silly audit   'es-module-lexer': [ '1.7.0' ],
1690 silly audit   'es-object-atoms': [ '1.1.1' ],
1690 silly audit   'es-set-tostringtag': [ '2.1.0' ],
1690 silly audit   'es6-promise': [ '4.2.8' ],
1690 silly audit   esbuild: [ '0.21.5', '0.27.2' ],
1690 silly audit   escalade: [ '3.2.0' ],
1690 silly audit   'estree-walker': [ '3.0.3', '1.0.1', '2.0.2' ],
1690 silly audit   events: [ '3.3.0' ],
1690 silly audit   'expect-type': [ '1.3.0' ],
1690 silly audit   'fast-deep-equal': [ '3.1.3' ],
1690 silly audit   'fast-glob': [ '3.3.3' ],
1690 silly audit   'fast-png': [ '6.4.0' ],
1690 silly audit   pako: [ '2.1.0', '1.0.11', '0.2.9' ],
1690 silly audit   fastq: [ '1.20.1' ],
1690 silly audit   fdir: [ '6.5.0' ],
1690 silly audit   fflate: [ '0.8.2' ],
1690 silly audit   'fill-range': [ '7.1.1' ],
1690 silly audit   flexsearch: [ '0.8.212' ],
1690 silly audit   fontkit: [ '2.0.4' ],
1690 silly audit   'form-data': [ '4.0.5' ],
1690 silly audit   'fraction.js': [ '5.3.4' ],
1690 silly audit   fsevents: [ '2.3.3' ],
1690 silly audit   'function-bind': [ '1.1.2' ],
1690 silly audit   gensync: [ '1.0.0-beta.2' ],
1690 silly audit   'geojson-vt': [ '4.0.2' ],
1690 silly audit   'get-caller-file': [ '2.0.5' ],
1690 silly audit   'get-intrinsic': [ '1.3.0' ],
1690 silly audit   'get-proto': [ '1.0.1' ],
1690 silly audit   'get-stream': [ '6.0.1' ],
1690 silly audit   'gl-matrix': [ '3.4.4' ],
1690 silly audit   'global-prefix': [ '4.0.0' ],
1690 silly audit   gopd: [ '1.2.0' ],
1690 silly audit   'has-flag': [ '4.0.0' ],
1690 silly audit   'has-symbols': [ '1.1.0' ],
1690 silly audit   'has-tostringtag': [ '1.0.2' ],
1690 silly audit   hasown: [ '2.0.2' ],
1690 silly audit   'hsl-to-hex': [ '1.0.0' ],
1690 silly audit   'hsl-to-rgb-for-reals': [ '1.1.1' ],
1690 silly audit   'html-encoding-sniffer': [ '6.0.0' ],
1690 silly audit   html2canvas: [ '1.4.1' ],
1690 silly audit   'http-proxy-agent': [ '7.0.2' ],
1690 silly audit   'https-proxy-agent': [ '7.0.6' ],
1690 silly audit   hyphen: [ '1.13.0' ],
1690 silly audit   ieee754: [ '1.2.1' ],
1690 silly audit   'indent-string': [ '4.0.0' ],
1690 silly audit   inherits: [ '2.0.4' ],
1690 silly audit   ini: [ '4.1.3' ],
1690 silly audit   iobuffer: [ '5.4.0' ],
1690 silly audit   'is-arrayish': [ '0.3.4' ],
1690 silly audit   'is-binary-path': [ '2.1.0' ],
1690 silly audit   'is-core-module': [ '2.16.1' ],
1690 silly audit   'is-extglob': [ '2.1.1' ],
1690 silly audit   'is-fullwidth-code-point': [ '3.0.0' ],
1690 silly audit   'is-glob': [ '4.0.3' ],
1690 silly audit   'is-number': [ '7.0.0' ],
1690 silly audit   'is-potential-custom-element-name': [ '1.0.1' ],
1690 silly audit   'is-url': [ '1.2.4' ],
1690 silly audit   isarray: [ '1.0.0', '2.0.5' ],
1690 silly audit   isexe: [ '3.1.1', '2.0.0' ],
1690 silly audit   'isolation-forest': [ '0.0.9' ],
1690 silly audit   'jay-peg': [ '1.1.1' ],
1690 silly audit   jiti: [ '1.21.7' ],
1690 silly audit   'js-tokens': [ '4.0.0' ],
1690 silly audit   jsdom: [ '27.4.0' ],
1690 silly audit   jsesc: [ '3.1.0' ],
1690 silly audit   'json-stringify-pretty-compact': [ '4.0.0' ],
1690 silly audit   json5: [ '2.2.3' ],
1690 silly audit   jspdf: [ '3.0.4' ],
1690 silly audit   'jspdf-autotable': [ '5.0.2' ],
1690 silly audit   kdbush: [ '4.0.2' ],
1690 silly audit   'kind-of': [ '6.0.3' ],
1690 silly audit   'knuth-shuffle': [ '1.0.8' ],
1690 silly audit   leaflet: [ '1.9.4' ],
1690 silly audit   lilconfig: [ '3.1.3' ],
1690 silly audit   linebreak: [ '1.1.0' ],
1690 silly audit   'lines-and-columns': [ '1.2.4' ],
1690 silly audit   long: [ '4.0.0' ],
1690 silly audit   'loose-envify': [ '1.4.0' ],
1690 silly audit   'lucide-react': [ '0.562.0' ],
1690 silly audit   'magic-string': [ '0.30.21', '0.25.9' ],
1690 silly audit   'maplibre-gl': [ '4.7.1' ],
1690 silly audit   'math-intrinsics': [ '1.1.0' ],
1690 silly audit   'mdn-data': [ '2.12.2' ],
1690 silly audit   'media-engine': [ '1.0.3' ],
1690 silly audit   'memoize-one': [ '5.2.1' ],
1690 silly audit   merge2: [ '1.4.1' ],
1690 silly audit   micromatch: [ '4.0.8' ],
1690 silly audit   'mime-db': [ '1.52.0' ],
1690 silly audit   'mime-types': [ '2.1.35' ],
1690 silly audit   'min-indent': [ '1.0.1' ],
1690 silly audit   minimist: [ '1.2.8' ],
1690 silly audit   ms: [ '2.1.3' ],
1690 silly audit   'murmurhash-js': [ '1.0.0' ],
1690 silly audit   mz: [ '2.7.0' ],
1690 silly audit   nanoid: [ '3.3.11' ],
1690 silly audit   'node-fetch': [ '2.6.13' ],
1690 silly audit   'node-releases': [ '2.0.27' ],
1690 silly audit   'normalize-path': [ '3.0.0' ],
1690 silly audit   'normalize-svg-path': [ '1.1.0' ],
1690 silly audit   'object-assign': [ '4.1.1' ],
1690 silly audit   'object-hash': [ '3.0.0' ],
1690 silly audit   obug: [ '2.1.1' ],
1690 silly audit   'parse-svg-path': [ '0.1.2' ],
1690 silly audit   parse5: [ '8.0.0' ],
1690 silly audit   'path-parse': [ '1.0.7' ],
1690 silly audit   pathe: [ '2.0.3' ],
1690 silly audit   pbf: [ '3.3.0' ],
1690 silly audit   'performance-now': [ '2.1.0' ],
1690 silly audit   picocolors: [ '1.1.1' ],
1690 silly audit   picomatch: [ '2.3.1', '4.0.3' ],
1690 silly audit   pify: [ '2.3.0' ],
1690 silly audit   pirates: [ '4.0.7' ],
1690 silly audit   postcss: [ '8.5.6' ],
1690 silly audit   'postcss-import': [ '15.1.0' ],
1690 silly audit   'postcss-js': [ '4.1.0' ],
1690 silly audit   'postcss-load-config': [ '6.0.1' ],
1690 silly audit   'postcss-nested': [ '6.2.0' ],
1690 silly audit   'postcss-selector-parser': [ '6.1.2' ],
1690 silly audit   'postcss-value-parser': [ '4.2.0' ],
1690 silly audit   potpack: [ '2.1.0' ],
1690 silly audit   'process-nextick-args': [ '2.0.1' ],
1690 silly audit   'prop-types': [ '15.8.1' ],
1690 silly audit   'protocol-buffers-schema': [ '3.6.0' ],
1690 silly audit   punycode: [ '2.3.1' ],
1690 silly audit   queue: [ '6.0.2' ],
1690 silly audit   'queue-microtask': [ '1.2.3' ],
1690 silly audit   raf: [ '3.4.1' ],
1690 silly audit   react: [ '18.3.1' ],
1690 silly audit   'react-dom': [ '18.3.1' ],
1690 silly audit   'react-is': [ '16.13.1' ],
1690 silly audit   'react-leaflet': [ '5.0.0' ],
1690 silly audit   'react-refresh': [ '0.17.0' ],
1690 silly audit   'react-window': [ '1.8.11' ],
1690 silly audit   'read-cache': [ '1.0.0' ],
1690 silly audit   'readable-stream': [ '2.3.8' ],
1690 silly audit   'safe-buffer': [ '5.1.2', '5.2.1' ],
1690 silly audit   string_decoder: [ '1.1.1', '1.3.0' ],
1690 silly audit   readdirp: [ '3.6.0' ],
1690 silly audit   redent: [ '3.0.0' ],
1690 silly audit   'regenerator-runtime': [ '0.13.11' ],
1690 silly audit   'require-directory': [ '2.1.1' ],
1690 silly audit   'require-from-string': [ '2.0.2' ],
1690 silly audit   resolve: [ '1.22.11' ],
1690 silly audit   'resolve-protobuf-schema': [ '2.1.0' ],
1690 silly audit   restructure: [ '3.0.2' ],
1690 silly audit   reusify: [ '1.1.0' ],
1690 silly audit   rgbcolor: [ '1.0.1' ],
1690 silly audit   rollup: [ '4.54.0', '2.79.2' ],
1690 silly audit   'run-parallel': [ '1.2.0' ],
1690 silly audit   rw: [ '1.3.3' ],
1690 silly audit   saxes: [ '6.0.0' ],
1690 silly audit   seedrandom: [ '3.0.5' ],
1690 silly audit   semver: [ '6.3.1' ],
1690 silly audit   siginfo: [ '2.0.0' ],
1690 silly audit   'simple-swizzle': [ '0.2.4' ],
1690 silly audit   'size-sensor': [ '1.0.2' ],
1690 silly audit   slayer: [ '1.0.1' ],
1690 silly audit   'source-map-js': [ '1.2.1' ],
1690 silly audit   'sprintf-js': [ '1.0.3' ],
1690 silly audit   stackback: [ '0.0.2' ],
1690 silly audit   'stackblur-canvas': [ '2.7.0' ],
1690 silly audit   'std-env': [ '3.10.0' ],
1690 silly audit   'string-width': [ '4.2.3', '5.1.2' ],
1690 silly audit   'strip-ansi': [ '6.0.1', '7.1.2' ],
1690 silly audit   'strip-indent': [ '3.0.0' ],
1690 silly audit   sucrase: [ '3.35.1' ],
1690 silly audit   supercluster: [ '8.0.1' ],
1690 silly audit   'supports-color': [ '7.2.0' ],
1690 silly audit   'supports-preserve-symlinks-flag': [ '1.0.0' ],
1690 silly audit   'svg-arc-to-cubic-bezier': [ '3.2.0' ],
1690 silly audit   'svg-pathdata': [ '6.0.3' ],
1690 silly audit   'symbol-tree': [ '3.2.4' ],
1690 silly audit   tailwindcss: [ '3.4.19' ],
1690 silly audit   'text-segmentation': [ '1.0.3' ],
1690 silly audit   thenify: [ '3.3.1' ],
1690 silly audit   'thenify-all': [ '1.6.0' ],
1690 silly audit   through2: [ '2.0.5' ],
1690 silly audit   'tiny-inflate': [ '1.0.3' ],
1690 silly audit   tinybench: [ '2.9.0' ],
1690 silly audit   tinyexec: [ '1.0.2' ],
1690 silly audit   tinyglobby: [ '0.2.15' ],
1690 silly audit   tinyqueue: [ '3.0.0' ],
1690 silly audit   tinyrainbow: [ '3.0.3' ],
1690 silly audit   tldts: [ '7.0.19' ],
1690 silly audit   'tldts-core': [ '7.0.19' ],
1690 silly audit   'to-regex-range': [ '5.0.1' ],
1690 silly audit   'tough-cookie': [ '6.0.0' ],
1690 silly audit   'ts-interface-checker': [ '0.1.13' ],
1690 silly audit   typescript: [ '5.9.3' ],
1690 silly audit   'undici-types': [ '7.16.0' ],
1690 silly audit   'unicode-properties': [ '1.4.1' ],
1690 silly audit   'unicode-trie': [ '2.0.0' ],
1690 silly audit   'update-browserslist-db': [ '1.2.3' ],
1690 silly audit   'util-deprecate': [ '1.0.2' ],
1690 silly audit   utrie: [ '1.0.2' ],
1690 silly audit   vite: [ '5.4.21', '7.3.0' ],
1690 silly audit   'vite-compatible-readable-stream': [ '3.6.1' ],
1690 silly audit   vitest: [ '4.0.16' ],
1690 silly audit   'vt-pbf': [ '3.1.3' ],
1690 silly audit   'w3c-xmlserializer': [ '5.0.0' ],
1690 silly audit   'whatwg-mimetype': [ '4.0.0' ],
1690 silly audit   which: [ '4.0.0', '2.0.2' ],
1690 silly audit   'why-is-node-running': [ '2.3.0' ],
1690 silly audit   'wrap-ansi': [ '7.0.0', '8.1.0' ],
1690 silly audit   ws: [ '8.18.3' ],
1690 silly audit   'xml-name-validator': [ '5.0.0' ],
1690 silly audit   xmlchars: [ '2.2.0' ],
1690 silly audit   xtend: [ '4.0.2' ],
1690 silly audit   y18n: [ '5.0.8' ],
1690 silly audit   yallist: [ '3.1.1' ],
1690 silly audit   yargs: [ '16.2.0' ],
1690 silly audit   'yargs-parser': [ '20.2.9' ],
1690 silly audit   'yoga-layout': [ '3.2.1' ],
1690 silly audit   zrender: [ '6.0.0' ],
1690 silly audit   '@deck.gl/aggregation-layers': [ '9.2.5' ],
1690 silly audit   '@deck.gl/core': [ '9.2.5' ],
1690 silly audit   '@deck.gl/layers': [ '9.2.5' ],
1690 silly audit   '@deck.gl/react': [ '9.2.5' ],
1690 silly audit   'vite-plugin-pwa': [ '1.2.0' ],
1690 silly audit   'workbox-window': [ '7.4.0' ],
1690 silly audit   '@luma.gl/constants': [ '9.2.5' ],
1690 silly audit   '@luma.gl/shadertools': [ '9.2.5' ],
1690 silly audit   '@math.gl/core': [ '4.1.0' ],
1690 silly audit   '@math.gl/web-mercator': [ '4.1.0' ],
1690 silly audit   'd3-hexbin': [ '0.2.2' ],
1690 silly audit   '@loaders.gl/core': [ '4.3.4' ],
1690 silly audit   '@loaders.gl/images': [ '4.3.4' ],
1690 silly audit   '@luma.gl/core': [ '9.2.5' ],
1690 silly audit   '@luma.gl/engine': [ '9.2.5' ],
1690 silly audit   '@luma.gl/webgl': [ '9.2.5' ],
1690 silly audit   '@math.gl/sun': [ '4.1.0' ],
1690 silly audit   '@math.gl/types': [ '4.1.0' ],
1690 silly audit   '@probe.gl/env': [ '4.1.0' ],
1690 silly audit   '@probe.gl/log': [ '4.1.0' ],
1690 silly audit   '@probe.gl/stats': [ '4.1.0' ],
1690 silly audit   'mjolnir.js': [ '3.0.0' ],
1690 silly audit   '@loaders.gl/schema': [ '4.3.4' ],
1690 silly audit   '@math.gl/polygon': [ '4.1.0' ],
1690 silly audit   '@loaders.gl/loader-utils': [ '4.3.4' ],
1690 silly audit   '@loaders.gl/worker-utils': [ '4.3.4' ],
1690 silly audit   wgsl_reflect: [ '1.2.3' ],
1690 silly audit   'pretty-bytes': [ '6.1.1', '5.6.0' ],
1690 silly audit   'workbox-build': [ '7.4.0' ],
1690 silly audit   '@apideck/better-ajv-errors': [ '0.3.6' ],
1690 silly audit   '@babel/preset-env': [ '7.28.5' ],
1690 silly audit   '@rollup/plugin-babel': [ '5.3.1' ],
1690 silly audit   '@rollup/plugin-node-resolve': [ '15.3.1' ],
1690 silly audit   '@rollup/plugin-replace': [ '2.4.2' ],
1690 silly audit   '@rollup/plugin-terser': [ '0.4.4' ],
1690 silly audit   '@surma/rollup-plugin-off-main-thread': [ '2.2.3' ],
1690 silly audit   ajv: [ '8.17.1' ],
1690 silly audit   'common-tags': [ '1.8.2' ],
1690 silly audit   'fast-json-stable-stringify': [ '2.1.0' ],
1690 silly audit   'fs-extra': [ '9.1.0' ],
1690 silly audit   glob: [ '11.1.0' ],
1690 silly audit   lodash: [ '4.17.21' ],
1690 silly audit   'source-map': [ '0.8.0-beta.0', '0.6.1' ],
1690 silly audit   'stringify-object': [ '3.3.0' ],
1690 silly audit   'strip-comments': [ '2.0.1' ],
1690 silly audit   tempy: [ '0.6.0' ],
1690 silly audit   upath: [ '1.2.0' ],
1690 silly audit   'workbox-background-sync': [ '7.4.0' ],
1690 silly audit   'workbox-broadcast-update': [ '7.4.0' ],
1690 silly audit   'workbox-cacheable-response': [ '7.4.0' ],
1690 silly audit   'workbox-core': [ '7.4.0' ],
1690 silly audit   'workbox-expiration': [ '7.4.0' ],
1690 silly audit   'workbox-google-analytics': [ '7.4.0' ],
1690 silly audit   'workbox-navigation-preload': [ '7.4.0' ],
1690 silly audit   'workbox-precaching': [ '7.4.0' ],
1690 silly audit   'workbox-range-requests': [ '7.4.0' ],
1690 silly audit   'workbox-recipes': [ '7.4.0' ],
1690 silly audit   'workbox-routing': [ '7.4.0' ],
1690 silly audit   'workbox-strategies': [ '7.4.0' ],
1690 silly audit   'workbox-streams': [ '7.4.0' ],
1690 silly audit   'workbox-sw': [ '7.4.0' ],
1690 silly audit   'json-schema': [ '0.4.0' ],
1690 silly audit   jsonpointer: [ '5.0.1' ],
1690 silly audit   leven: [ '3.1.0' ],
1690 silly audit   '@babel/plugin-bugfix-firefox-class-in-computed-class-key': [ '7.28.5' ],
1690 silly audit   '@babel/plugin-bugfix-safari-class-field-initializer-scope': [ '7.27.1' ],
1690 silly audit   '@babel/plugin-bugfix-safari-id-destructuring-collision-in-function-expression': [ '7.27.1' ],
1690 silly audit   '@babel/plugin-bugfix-v8-spread-parameters-in-optional-chaining': [ '7.27.1' ],
1690 silly audit   '@babel/plugin-bugfix-v8-static-class-fields-redefine-readonly': [ '7.28.3' ],
1690 silly audit   '@babel/plugin-proposal-private-property-in-object': [ '7.21.0-placeholder-for-preset-env.2' ],
1690 silly audit   '@babel/plugin-syntax-import-assertions': [ '7.27.1' ],
1690 silly audit   '@babel/plugin-syntax-import-attributes': [ '7.27.1' ],
1690 silly audit   '@babel/plugin-syntax-unicode-sets-regex': [ '7.18.6' ],
1690 silly audit   '@babel/plugin-transform-arrow-functions': [ '7.27.1' ],
1690 silly audit   '@babel/plugin-transform-async-generator-functions': [ '7.28.0' ],
1690 silly audit   '@babel/plugin-transform-async-to-generator': [ '7.27.1' ],
1690 silly audit   '@babel/plugin-transform-block-scoped-functions': [ '7.27.1' ],
1690 silly audit   '@babel/plugin-transform-block-scoping': [ '7.28.5' ],
1690 silly audit   '@babel/plugin-transform-class-properties': [ '7.27.1' ],
1690 silly audit   '@babel/plugin-transform-class-static-block': [ '7.28.3' ],
1690 silly audit   '@babel/plugin-transform-classes': [ '7.28.4' ],
1690 silly audit   '@babel/plugin-transform-computed-properties': [ '7.27.1' ],
1690 silly audit   '@babel/plugin-transform-destructuring': [ '7.28.5' ],
1690 silly audit   '@babel/plugin-transform-dotall-regex': [ '7.27.1' ],
1690 silly audit   '@babel/plugin-transform-duplicate-keys': [ '7.27.1' ],
1690 silly audit   '@babel/plugin-transform-duplicate-named-capturing-groups-regex': [ '7.27.1' ],
1690 silly audit   '@babel/plugin-transform-dynamic-import': [ '7.27.1' ],
1690 silly audit   '@babel/plugin-transform-explicit-resource-management': [ '7.28.0' ],
1690 silly audit   '@babel/plugin-transform-exponentiation-operator': [ '7.28.5' ],
1690 silly audit   '@babel/plugin-transform-export-namespace-from': [ '7.27.1' ],
1690 silly audit   '@babel/plugin-transform-for-of': [ '7.27.1' ],
1690 silly audit   '@babel/plugin-transform-function-name': [ '7.27.1' ],
1690 silly audit   '@babel/plugin-transform-json-strings': [ '7.27.1' ],
1690 silly audit   '@babel/plugin-transform-literals': [ '7.27.1' ],
1690 silly audit   '@babel/plugin-transform-logical-assignment-operators': [ '7.28.5' ],
1690 silly audit   '@babel/plugin-transform-member-expression-literals': [ '7.27.1' ],
1690 silly audit   '@babel/plugin-transform-modules-amd': [ '7.27.1' ],
1690 silly audit   '@babel/plugin-transform-modules-commonjs': [ '7.27.1' ],
1690 silly audit   '@babel/plugin-transform-modules-systemjs': [ '7.28.5' ],
1690 silly audit   '@babel/plugin-transform-modules-umd': [ '7.27.1' ],
1690 silly audit   '@babel/plugin-transform-named-capturing-groups-regex': [ '7.27.1' ],
1690 silly audit   '@babel/plugin-transform-new-target': [ '7.27.1' ],
1690 silly audit   '@babel/plugin-transform-nullish-coalescing-operator': [ '7.27.1' ],
1690 silly audit   '@babel/plugin-transform-numeric-separator': [ '7.27.1' ],
1690 silly audit   '@babel/plugin-transform-object-rest-spread': [ '7.28.4' ],
1690 silly audit   '@babel/plugin-transform-object-super': [ '7.27.1' ],
1690 silly audit   '@babel/plugin-transform-optional-catch-binding': [ '7.27.1' ],
1690 silly audit   '@babel/plugin-transform-optional-chaining': [ '7.28.5' ],
1690 silly audit   '@babel/plugin-transform-parameters': [ '7.27.7' ],
1690 silly audit   '@babel/plugin-transform-private-methods': [ '7.27.1' ],
1690 silly audit   '@babel/plugin-transform-private-property-in-object': [ '7.27.1' ],
1690 silly audit   '@babel/plugin-transform-property-literals': [ '7.27.1' ],
1690 silly audit   '@babel/plugin-transform-regenerator': [ '7.28.4' ],
1690 silly audit   '@babel/plugin-transform-regexp-modifiers': [ '7.27.1' ],
1690 silly audit   '@babel/plugin-transform-reserved-words': [ '7.27.1' ],
1690 silly audit   '@babel/plugin-transform-shorthand-properties': [ '7.27.1' ],
1690 silly audit   '@babel/plugin-transform-spread': [ '7.27.1' ],
1690 silly audit   '@babel/plugin-transform-sticky-regex': [ '7.27.1' ],
1690 silly audit   '@babel/plugin-transform-template-literals': [ '7.27.1' ],
1690 silly audit   '@babel/plugin-transform-typeof-symbol': [ '7.27.1' ],
1690 silly audit   '@babel/plugin-transform-unicode-escapes': [ '7.27.1' ],
1690 silly audit   '@babel/plugin-transform-unicode-property-regex': [ '7.27.1' ],
1690 silly audit   '@babel/plugin-transform-unicode-regex': [ '7.27.1' ],
1690 silly audit   '@babel/plugin-transform-unicode-sets-regex': [ '7.27.1' ],
1690 silly audit   '@babel/preset-modules': [ '0.1.6-no-external-plugins' ],
1690 silly audit   'babel-plugin-polyfill-corejs2': [ '0.4.14' ],
1690 silly audit   'babel-plugin-polyfill-corejs3': [ '0.13.0' ],
1690 silly audit   'babel-plugin-polyfill-regenerator': [ '0.6.5' ],
1690 silly audit   'core-js-compat': [ '3.47.0' ],
1690 silly audit   '@babel/helper-skip-transparent-expression-wrappers': [ '7.27.1' ],
1690 silly audit   '@babel/helper-create-regexp-features-plugin': [ '7.28.5' ],
1690 silly audit   '@babel/helper-annotate-as-pure': [ '7.27.3' ],
1690 silly audit   'regexpu-core': [ '6.4.0' ],
1690 silly audit   '@babel/helper-remap-async-to-generator': [ '7.27.1' ],
1690 silly audit   '@babel/helper-wrap-function': [ '7.28.3' ],
1690 silly audit   '@babel/helper-create-class-features-plugin': [ '7.28.5' ],
1690 silly audit   '@babel/helper-member-expression-to-functions': [ '7.28.5' ],
1690 silly audit   '@babel/helper-optimise-call-expression': [ '7.27.1' ],
1690 silly audit   '@babel/helper-replace-supers': [ '7.27.1' ],
1690 silly audit   esutils: [ '2.0.3' ],
1690 silly audit   '@rollup/pluginutils': [ '3.1.0', '5.3.0' ],
1690 silly audit   '@types/resolve': [ '1.20.2' ],
1690 silly audit   deepmerge: [ '4.3.1' ],
1690 silly audit   'is-module': [ '1.0.0' ],
1690 silly audit   'serialize-javascript': [ '6.0.2' ],
1690 silly audit   smob: [ '1.5.0' ],
1690 silly audit   terser: [ '5.44.1' ],
1690 silly audit   ejs: [ '3.1.10' ],
1690 silly audit   'string.prototype.matchall': [ '4.0.12' ],
1690 silly audit   'fast-uri': [ '3.1.0' ],
1690 silly audit   'json-schema-traverse': [ '1.0.0' ],
1690 silly audit   '@babel/helper-define-polyfill-provider': [ '0.6.5' ],
1690 silly audit   'lodash.debounce': [ '4.0.8' ],
1690 silly audit   jake: [ '10.9.4' ],
1690 silly audit   'at-least-node': [ '1.0.0' ],
1690 silly audit   'graceful-fs': [ '4.2.11' ],
1690 silly audit   jsonfile: [ '6.2.0' ],
1690 silly audit   universalify: [ '2.0.1' ],
1690 silly audit   'foreground-child': [ '3.3.1' ],
1690 silly audit   jackspeak: [ '4.1.1' ],
1690 silly audit   minimatch: [ '10.1.1', '5.1.6' ],
1690 silly audit   minipass: [ '7.1.2' ],
1690 silly audit   'package-json-from-dist': [ '1.0.1' ],
1690 silly audit   'path-scurry': [ '2.0.1' ],
1690 silly audit   'cross-spawn': [ '7.0.6' ],
1690 silly audit   'signal-exit': [ '4.1.0' ],
1690 silly audit   'path-key': [ '3.1.1' ],
1690 silly audit   'shebang-command': [ '2.0.0' ],
1690 silly audit   '@isaacs/cliui': [ '8.0.2' ],
1690 silly audit   async: [ '3.2.6' ],
1690 silly audit   filelist: [ '1.0.4' ],
1690 silly audit   '@isaacs/brace-expansion': [ '5.0.0' ],
1690 silly audit   '@isaacs/balanced-match': [ '4.0.1' ],
1690 silly audit   regenerate: [ '1.4.2' ],
1690 silly audit   'regenerate-unicode-properties': [ '10.2.2' ],
1690 silly audit   regjsgen: [ '0.8.0' ],
1690 silly audit   regjsparser: [ '0.13.0' ],
1690 silly audit   'unicode-match-property-ecmascript': [ '2.0.0' ],
1690 silly audit   'unicode-match-property-value-ecmascript': [ '2.2.1' ],
1690 silly audit   randombytes: [ '2.1.0' ],
1690 silly audit   'shebang-regex': [ '3.0.0' ],
1690 silly audit   'call-bind': [ '1.0.8' ],
1690 silly audit   'call-bound': [ '1.0.4' ],
1690 silly audit   'define-properties': [ '1.2.1' ],
1690 silly audit   'es-abstract': [ '1.24.1' ],
1690 silly audit   'internal-slot': [ '1.1.0' ],
1690 silly audit   'regexp.prototype.flags': [ '1.5.4' ],
1690 silly audit   'set-function-name': [ '2.0.2' ],
1690 silly audit   'side-channel': [ '1.1.0' ],
1690 silly audit   'set-function-length': [ '1.2.2' ],
1690 silly audit   'define-data-property': [ '1.1.4' ],
1690 silly audit   'has-property-descriptors': [ '1.0.2' ],
1690 silly audit   'object-keys': [ '1.1.1' ],
1690 silly audit   'array-buffer-byte-length': [ '1.0.2' ],
1690 silly audit   'arraybuffer.prototype.slice': [ '1.0.4' ],
1690 silly audit   'available-typed-arrays': [ '1.0.7' ],
1690 silly audit   'data-view-buffer': [ '1.0.2' ],
1690 silly audit   'data-view-byte-length': [ '1.0.2' ],
1690 silly audit   'data-view-byte-offset': [ '1.0.1' ],
1690 silly audit   'es-to-primitive': [ '1.3.0' ],
1690 silly audit   'function.prototype.name': [ '1.1.8' ],
1690 silly audit   'get-symbol-description': [ '1.1.0' ],
1690 silly audit   globalthis: [ '1.0.4' ],
1690 silly audit   'has-proto': [ '1.2.0' ],
1690 silly audit   'is-array-buffer': [ '3.0.5' ],
1690 silly audit   'is-callable': [ '1.2.7' ],
1690 silly audit   'is-data-view': [ '1.0.2' ],
1690 silly audit   'is-negative-zero': [ '2.0.3' ],
1690 silly audit   'is-regex': [ '1.2.1' ],
1690 silly audit   'is-set': [ '2.0.3' ],
1690 silly audit   'is-shared-array-buffer': [ '1.0.4' ],
1690 silly audit   'is-string': [ '1.1.1' ],
1690 silly audit   'is-typed-array': [ '1.1.15' ],
1690 silly audit   'is-weakref': [ '1.1.1' ],
1690 silly audit   'object-inspect': [ '1.13.4' ],
1690 silly audit   'object.assign': [ '4.1.7' ],
1690 silly audit   'own-keys': [ '1.0.1' ],
1690 silly audit   'safe-array-concat': [ '1.1.3' ],
1690 silly audit   'safe-push-apply': [ '1.0.0' ],
1690 silly audit   'safe-regex-test': [ '1.1.0' ],
1690 silly audit   'set-proto': [ '1.0.0' ],
1690 silly audit   'stop-iteration-iterator': [ '1.1.0' ],
1690 silly audit   'string.prototype.trim': [ '1.2.10' ],
1690 silly audit   'string.prototype.trimend': [ '1.0.9' ],
1690 silly audit   'string.prototype.trimstart': [ '1.0.8' ],
1690 silly audit   'typed-array-buffer': [ '1.0.3' ],
1690 silly audit   'typed-array-byte-length': [ '1.0.3' ],
1690 silly audit   'typed-array-byte-offset': [ '1.0.4' ],
1690 silly audit   'typed-array-length': [ '1.0.7' ],
1690 silly audit   'unbox-primitive': [ '1.1.0' ],
1690 silly audit   'which-typed-array': [ '1.1.19' ],
1690 silly audit   'possible-typed-array-names': [ '1.1.0' ],
1690 silly audit   'is-date-object': [ '1.1.0' ],
1690 silly audit   'is-symbol': [ '1.1.1' ],
1690 silly audit   'functions-have-names': [ '1.2.3' ],
1690 silly audit   'side-channel-list': [ '1.0.0' ],
1690 silly audit   'side-channel-map': [ '1.0.1' ],
1690 silly audit   'side-channel-weakmap': [ '1.0.2' ],
1690 silly audit   'get-own-enumerable-property-symbols': [ '3.0.2' ],
1690 silly audit   'is-obj': [ '1.0.1' ],
1690 silly audit   'is-regexp': [ '1.0.0' ],
1690 silly audit   'is-stream': [ '2.0.1' ],
1690 silly audit   'temp-dir': [ '2.0.0' ],
1690 silly audit   'type-fest': [ '0.16.0' ],
1690 silly audit   'unique-string': [ '2.0.0' ],
1690 silly audit   '@jridgewell/source-map': [ '0.3.11' ],
1690 silly audit   acorn: [ '8.15.0' ],
1690 silly audit   'source-map-support': [ '0.5.21' ],
1690 silly audit   'buffer-from': [ '1.1.2' ],
1690 silly audit   'for-each': [ '0.3.5' ],
1690 silly audit   'reflect.getprototypeof': [ '1.0.10' ],
1690 silly audit   'which-builtin-type': [ '1.2.1' ],
1690 silly audit   'has-bigints': [ '1.1.0' ],
1690 silly audit   'which-boxed-primitive': [ '1.1.1' ],
1690 silly audit   'unicode-canonical-property-names-ecmascript': [ '2.0.1' ],
1690 silly audit   'unicode-property-aliases-ecmascript': [ '2.2.0' ],
1690 silly audit   'crypto-random-string': [ '2.0.0' ],
1690 silly audit   'is-bigint': [ '1.1.0' ],
1690 silly audit   'is-boolean-object': [ '1.2.2' ],
1690 silly audit   'is-number-object': [ '1.1.1' ],
1690 silly audit   'is-async-function': [ '2.1.1' ],
1690 silly audit   'is-finalizationregistry': [ '1.1.1' ],
1690 silly audit   'is-generator-function': [ '1.1.2' ],
1690 silly audit   'which-collection': [ '1.0.2' ],
1690 silly audit   'async-function': [ '1.0.0' ],
1690 silly audit   'generator-function': [ '2.0.1' ],
1690 silly audit   'is-map': [ '2.0.3' ],
1690 silly audit   'is-weakmap': [ '2.0.2' ],
1690 silly audit   'is-weakset': [ '2.0.4' ],
1690 silly audit   idb: [ '7.1.1' ],
1690 silly audit   eastasianwidth: [ '0.2.0' ],
1690 silly audit   'sourcemap-codec': [ '1.4.8' ],
1690 silly audit   'brace-expansion': [ '2.0.2' ],
1690 silly audit   'balanced-match': [ '1.0.2' ],
1690 silly audit   'lodash.sortby': [ '4.7.0' ]
1690 silly audit }
1691 http cache lodash.sortby@https://registry.npmjs.org/lodash.sortby/-/lodash.sortby-4.7.0.tgz 0ms (cache hit)
1692 http cache balanced-match@https://registry.npmjs.org/balanced-match/-/balanced-match-1.0.2.tgz 0ms (cache hit)
1693 http cache sourcemap-codec@https://registry.npmjs.org/sourcemap-codec/-/sourcemap-codec-1.4.8.tgz 0ms (cache hit)
1694 http cache eastasianwidth@https://registry.npmjs.org/eastasianwidth/-/eastasianwidth-0.2.0.tgz 0ms (cache hit)
1695 http cache idb@https://registry.npmjs.org/idb/-/idb-7.1.1.tgz 0ms (cache hit)
1696 http cache brace-expansion@https://registry.npmjs.org/brace-expansion/-/brace-expansion-2.0.2.tgz 0ms (cache hit)
1697 http cache is-map@https://registry.npmjs.org/is-map/-/is-map-2.0.3.tgz 0ms (cache hit)
1698 http cache is-weakmap@https://registry.npmjs.org/is-weakmap/-/is-weakmap-2.0.2.tgz 0ms (cache hit)
1699 http cache generator-function@https://registry.npmjs.org/generator-function/-/generator-function-2.0.1.tgz 0ms (cache hit)
1700 http cache async-function@https://registry.npmjs.org/async-function/-/async-function-1.0.0.tgz 0ms (cache hit)
1701 http cache which-collection@https://registry.npmjs.org/which-collection/-/which-collection-1.0.2.tgz 0ms (cache hit)
1702 http cache is-weakset@https://registry.npmjs.org/is-weakset/-/is-weakset-2.0.4.tgz 0ms (cache hit)
1703 http cache is-finalizationregistry@https://registry.npmjs.org/is-finalizationregistry/-/is-finalizationregistry-1.1.1.tgz 0ms (cache hit)
1704 http cache is-generator-function@https://registry.npmjs.org/is-generator-function/-/is-generator-function-1.1.2.tgz 0ms (cache hit)
1705 http cache is-boolean-object@https://registry.npmjs.org/is-boolean-object/-/is-boolean-object-1.2.2.tgz 0ms (cache hit)
1706 http cache is-bigint@https://registry.npmjs.org/is-bigint/-/is-bigint-1.1.0.tgz 0ms (cache hit)
1707 http cache is-number-object@https://registry.npmjs.org/is-number-object/-/is-number-object-1.1.1.tgz 0ms (cache hit)
1708 http cache crypto-random-string@https://registry.npmjs.org/crypto-random-string/-/crypto-random-string-2.0.0.tgz 0ms (cache hit)
1709 http cache unicode-property-aliases-ecmascript@https://registry.npmjs.org/unicode-property-aliases-ecmascript/-/unicode-property-aliases-ecmascript-2.2.0.tgz 0ms (cache hit)
1710 http cache unicode-canonical-property-names-ecmascript@https://registry.npmjs.org/unicode-canonical-property-names-ecmascript/-/unicode-canonical-property-names-ecmascript-2.0.1.tgz 0ms (cache hit)
1711 http cache has-bigints@https://registry.npmjs.org/has-bigints/-/has-bigints-1.1.0.tgz 0ms (cache hit)
1712 http cache which-boxed-primitive@https://registry.npmjs.org/which-boxed-primitive/-/which-boxed-primitive-1.1.1.tgz 0ms (cache hit)
1713 http cache which-builtin-type@https://registry.npmjs.org/which-builtin-type/-/which-builtin-type-1.2.1.tgz 0ms (cache hit)
1714 http cache is-async-function@https://registry.npmjs.org/is-async-function/-/is-async-function-2.1.1.tgz 0ms (cache hit)
1715 http cache reflect.getprototypeof@https://registry.npmjs.org/reflect.getprototypeof/-/reflect.getprototypeof-1.0.10.tgz 0ms (cache hit)
1716 http cache for-each@https://registry.npmjs.org/for-each/-/for-each-0.3.5.tgz 0ms (cache hit)
1717 http cache source-map-support@https://registry.npmjs.org/source-map-support/-/source-map-support-0.5.21.tgz 0ms (cache hit)
1718 http cache acorn@https://registry.npmjs.org/acorn/-/acorn-8.15.0.tgz 0ms (cache hit)
1719 http cache buffer-from@https://registry.npmjs.org/buffer-from/-/buffer-from-1.1.2.tgz 0ms (cache hit)
1720 http cache @jridgewell/source-map@https://registry.npmjs.org/@jridgewell/source-map/-/source-map-0.3.11.tgz 0ms (cache hit)
1721 http cache unique-string@https://registry.npmjs.org/unique-string/-/unique-string-2.0.0.tgz 0ms (cache hit)
1722 http cache temp-dir@https://registry.npmjs.org/temp-dir/-/temp-dir-2.0.0.tgz 0ms (cache hit)
1723 http cache type-fest@https://registry.npmjs.org/type-fest/-/type-fest-0.16.0.tgz 0ms (cache hit)
1724 http cache is-stream@https://registry.npmjs.org/is-stream/-/is-stream-2.0.1.tgz 0ms (cache hit)
1725 http cache is-regexp@https://registry.npmjs.org/is-regexp/-/is-regexp-1.0.0.tgz 0ms (cache hit)
1726 http cache is-obj@https://registry.npmjs.org/is-obj/-/is-obj-1.0.1.tgz 0ms (cache hit)
1727 http cache side-channel-weakmap@https://registry.npmjs.org/side-channel-weakmap/-/side-channel-weakmap-1.0.2.tgz 0ms (cache hit)
1728 http cache side-channel-map@https://registry.npmjs.org/side-channel-map/-/side-channel-map-1.0.1.tgz 0ms (cache hit)
1729 http cache get-own-enumerable-property-symbols@https://registry.npmjs.org/get-own-enumerable-property-symbols/-/get-own-enumerable-property-symbols-3.0.2.tgz 0ms (cache hit)
1730 http cache functions-have-names@https://registry.npmjs.org/functions-have-names/-/functions-have-names-1.2.3.tgz 0ms (cache hit)
1731 http cache side-channel-list@https://registry.npmjs.org/side-channel-list/-/side-channel-list-1.0.0.tgz 0ms (cache hit)
1732 http cache is-symbol@https://registry.npmjs.org/is-symbol/-/is-symbol-1.1.1.tgz 0ms (cache hit)
1733 http cache is-date-object@https://registry.npmjs.org/is-date-object/-/is-date-object-1.1.0.tgz 0ms (cache hit)
1734 http cache possible-typed-array-names@https://registry.npmjs.org/possible-typed-array-names/-/possible-typed-array-names-1.1.0.tgz 0ms (cache hit)
1735 http cache which-typed-array@https://registry.npmjs.org/which-typed-array/-/which-typed-array-1.1.19.tgz 0ms (cache hit)
1736 http cache unbox-primitive@https://registry.npmjs.org/unbox-primitive/-/unbox-primitive-1.1.0.tgz 0ms (cache hit)
1737 http cache typed-array-length@https://registry.npmjs.org/typed-array-length/-/typed-array-length-1.0.7.tgz 0ms (cache hit)
1738 http cache typed-array-byte-offset@https://registry.npmjs.org/typed-array-byte-offset/-/typed-array-byte-offset-1.0.4.tgz 0ms (cache hit)
1739 http cache typed-array-byte-length@https://registry.npmjs.org/typed-array-byte-length/-/typed-array-byte-length-1.0.3.tgz 0ms (cache hit)
1740 http cache typed-array-buffer@https://registry.npmjs.org/typed-array-buffer/-/typed-array-buffer-1.0.3.tgz 0ms (cache hit)
1741 http cache string.prototype.trim@https://registry.npmjs.org/string.prototype.trim/-/string.prototype.trim-1.2.10.tgz 0ms (cache hit)
1742 http cache stop-iteration-iterator@https://registry.npmjs.org/stop-iteration-iterator/-/stop-iteration-iterator-1.1.0.tgz 0ms (cache hit)
1743 http cache string.prototype.trimstart@https://registry.npmjs.org/string.prototype.trimstart/-/string.prototype.trimstart-1.0.8.tgz 0ms (cache hit)
1744 http cache set-proto@https://registry.npmjs.org/set-proto/-/set-proto-1.0.0.tgz 0ms (cache hit)
1745 http cache safe-regex-test@https://registry.npmjs.org/safe-regex-test/-/safe-regex-test-1.1.0.tgz 0ms (cache hit)
1746 http cache safe-push-apply@https://registry.npmjs.org/safe-push-apply/-/safe-push-apply-1.0.0.tgz 0ms (cache hit)
1747 http cache safe-array-concat@https://registry.npmjs.org/safe-array-concat/-/safe-array-concat-1.1.3.tgz 0ms (cache hit)
1748 http cache own-keys@https://registry.npmjs.org/own-keys/-/own-keys-1.0.1.tgz 0ms (cache hit)
1749 http cache object.assign@https://registry.npmjs.org/object.assign/-/object.assign-4.1.7.tgz 0ms (cache hit)
1750 http cache object-inspect@https://registry.npmjs.org/object-inspect/-/object-inspect-1.13.4.tgz 0ms (cache hit)
1751 http cache is-weakref@https://registry.npmjs.org/is-weakref/-/is-weakref-1.1.1.tgz 0ms (cache hit)
1752 http cache is-typed-array@https://registry.npmjs.org/is-typed-array/-/is-typed-array-1.1.15.tgz 0ms (cache hit)
1753 http cache is-shared-array-buffer@https://registry.npmjs.org/is-shared-array-buffer/-/is-shared-array-buffer-1.0.4.tgz 0ms (cache hit)
1754 http cache is-set@https://registry.npmjs.org/is-set/-/is-set-2.0.3.tgz 0ms (cache hit)
1755 http cache is-string@https://registry.npmjs.org/is-string/-/is-string-1.1.1.tgz 0ms (cache hit)
1756 http cache is-regex@https://registry.npmjs.org/is-regex/-/is-regex-1.2.1.tgz 0ms (cache hit)
1757 http cache is-negative-zero@https://registry.npmjs.org/is-negative-zero/-/is-negative-zero-2.0.3.tgz 0ms (cache hit)
1758 http cache is-callable@https://registry.npmjs.org/is-callable/-/is-callable-1.2.7.tgz 0ms (cache hit)
1759 http cache is-array-buffer@https://registry.npmjs.org/is-array-buffer/-/is-array-buffer-3.0.5.tgz 0ms (cache hit)
1760 http cache has-proto@https://registry.npmjs.org/has-proto/-/has-proto-1.2.0.tgz 0ms (cache hit)
1761 http cache is-data-view@https://registry.npmjs.org/is-data-view/-/is-data-view-1.0.2.tgz 0ms (cache hit)
1762 http cache globalthis@https://registry.npmjs.org/globalthis/-/globalthis-1.0.4.tgz 0ms (cache hit)
1763 http cache get-symbol-description@https://registry.npmjs.org/get-symbol-description/-/get-symbol-description-1.1.0.tgz 0ms (cache hit)
1764 http cache string.prototype.trimend@https://registry.npmjs.org/string.prototype.trimend/-/string.prototype.trimend-1.0.9.tgz 0ms (cache hit)
1765 http cache function.prototype.name@https://registry.npmjs.org/function.prototype.name/-/function.prototype.name-1.1.8.tgz 0ms (cache hit)
1766 http cache data-view-byte-offset@https://registry.npmjs.org/data-view-byte-offset/-/data-view-byte-offset-1.0.1.tgz 0ms (cache hit)
1767 http cache data-view-buffer@https://registry.npmjs.org/data-view-buffer/-/data-view-buffer-1.0.2.tgz 0ms (cache hit)
1768 http cache available-typed-arrays@https://registry.npmjs.org/available-typed-arrays/-/available-typed-arrays-1.0.7.tgz 0ms (cache hit)
1769 http cache arraybuffer.prototype.slice@https://registry.npmjs.org/arraybuffer.prototype.slice/-/arraybuffer.prototype.slice-1.0.4.tgz 0ms (cache hit)
1770 http cache array-buffer-byte-length@https://registry.npmjs.org/array-buffer-byte-length/-/array-buffer-byte-length-1.0.2.tgz 0ms (cache hit)
1771 http cache object-keys@https://registry.npmjs.org/object-keys/-/object-keys-1.1.1.tgz 0ms (cache hit)
1772 http cache es-to-primitive@https://registry.npmjs.org/es-to-primitive/-/es-to-primitive-1.3.0.tgz 0ms (cache hit)
1773 http cache has-property-descriptors@https://registry.npmjs.org/has-property-descriptors/-/has-property-descriptors-1.0.2.tgz 0ms (cache hit)
1774 http cache define-data-property@https://registry.npmjs.org/define-data-property/-/define-data-property-1.1.4.tgz 0ms (cache hit)
1775 http cache set-function-length@https://registry.npmjs.org/set-function-length/-/set-function-length-1.2.2.tgz 0ms (cache hit)
1776 http cache side-channel@https://registry.npmjs.org/side-channel/-/side-channel-1.1.0.tgz 0ms (cache hit)
1777 http cache set-function-name@https://registry.npmjs.org/set-function-name/-/set-function-name-2.0.2.tgz 0ms (cache hit)
1778 http cache regexp.prototype.flags@https://registry.npmjs.org/regexp.prototype.flags/-/regexp.prototype.flags-1.5.4.tgz 0ms (cache hit)
1779 http cache es-abstract@https://registry.npmjs.org/es-abstract/-/es-abstract-1.24.1.tgz 0ms (cache hit)
1780 http cache internal-slot@https://registry.npmjs.org/internal-slot/-/internal-slot-1.1.0.tgz 0ms (cache hit)
1781 http cache define-properties@https://registry.npmjs.org/define-properties/-/define-properties-1.2.1.tgz 0ms (cache hit)
1782 http cache data-view-byte-length@https://registry.npmjs.org/data-view-byte-length/-/data-view-byte-length-1.0.2.tgz 0ms (cache hit)
1783 http cache call-bound@https://registry.npmjs.org/call-bound/-/call-bound-1.0.4.tgz 0ms (cache hit)
1784 http cache unicode-match-property-value-ecmascript@https://registry.npmjs.org/unicode-match-property-value-ecmascript/-/unicode-match-property-value-ecmascript-2.2.1.tgz 0ms (cache hit)
1785 http cache call-bind@https://registry.npmjs.org/call-bind/-/call-bind-1.0.8.tgz 0ms (cache hit)
1786 http cache unicode-match-property-ecmascript@https://registry.npmjs.org/unicode-match-property-ecmascript/-/unicode-match-property-ecmascript-2.0.0.tgz 0ms (cache hit)
1787 http cache regjsparser@https://registry.npmjs.org/regjsparser/-/regjsparser-0.13.0.tgz 0ms (cache hit)
1788 http cache shebang-regex@https://registry.npmjs.org/shebang-regex/-/shebang-regex-3.0.0.tgz 0ms (cache hit)
1789 http cache regjsgen@https://registry.npmjs.org/regjsgen/-/regjsgen-0.8.0.tgz 0ms (cache hit)
1790 http cache regenerate-unicode-properties@https://registry.npmjs.org/regenerate-unicode-properties/-/regenerate-unicode-properties-10.2.2.tgz 0ms (cache hit)
1791 http cache regenerate@https://registry.npmjs.org/regenerate/-/regenerate-1.4.2.tgz 0ms (cache hit)
1792 http cache @isaacs/balanced-match@https://registry.npmjs.org/@isaacs/balanced-match/-/balanced-match-4.0.1.tgz 0ms (cache hit)
1793 http cache @isaacs/brace-expansion@https://registry.npmjs.org/@isaacs/brace-expansion/-/brace-expansion-5.0.0.tgz 0ms (cache hit)
1794 http cache async@https://registry.npmjs.org/async/-/async-3.2.6.tgz 0ms (cache hit)
1795 http cache filelist@https://registry.npmjs.org/filelist/-/filelist-1.0.4.tgz 0ms (cache hit)
1796 http cache randombytes@https://registry.npmjs.org/randombytes/-/randombytes-2.1.0.tgz 0ms (cache hit)
1797 http cache wrap-ansi-cjs@https://registry.npmjs.org/wrap-ansi/-/wrap-ansi-7.0.0.tgz 0ms (cache hit)
1798 http cache strip-ansi-cjs@https://registry.npmjs.org/strip-ansi/-/strip-ansi-6.0.1.tgz 0ms (cache hit)
1799 http cache @isaacs/cliui@https://registry.npmjs.org/@isaacs/cliui/-/cliui-8.0.2.tgz 0ms (cache hit)
1800 http cache shebang-command@https://registry.npmjs.org/shebang-command/-/shebang-command-2.0.0.tgz 0ms (cache hit)
1801 http cache string-width-cjs@https://registry.npmjs.org/string-width/-/string-width-4.2.3.tgz 0ms (cache hit)
1802 http cache path-key@https://registry.npmjs.org/path-key/-/path-key-3.1.1.tgz 0ms (cache hit)
1803 http cache signal-exit@https://registry.npmjs.org/signal-exit/-/signal-exit-4.1.0.tgz 0ms (cache hit)
1804 http cache cross-spawn@https://registry.npmjs.org/cross-spawn/-/cross-spawn-7.0.6.tgz 0ms (cache hit)
1805 http cache path-scurry@https://registry.npmjs.org/path-scurry/-/path-scurry-2.0.1.tgz 0ms (cache hit)
1806 http cache package-json-from-dist@https://registry.npmjs.org/package-json-from-dist/-/package-json-from-dist-1.0.1.tgz 0ms (cache hit)
1807 http cache minipass@https://registry.npmjs.org/minipass/-/minipass-7.1.2.tgz 0ms (cache hit)
1808 http cache minimatch@https://registry.npmjs.org/minimatch/-/minimatch-10.1.1.tgz 0ms (cache hit)
1809 http cache jackspeak@https://registry.npmjs.org/jackspeak/-/jackspeak-4.1.1.tgz 0ms (cache hit)
1810 http cache foreground-child@https://registry.npmjs.org/foreground-child/-/foreground-child-3.3.1.tgz 0ms (cache hit)
1811 http cache universalify@https://registry.npmjs.org/universalify/-/universalify-2.0.1.tgz 0ms (cache hit)
1812 http cache jsonfile@https://registry.npmjs.org/jsonfile/-/jsonfile-6.2.0.tgz 0ms (cache hit)
1813 http cache graceful-fs@https://registry.npmjs.org/graceful-fs/-/graceful-fs-4.2.11.tgz 0ms (cache hit)
1814 http cache at-least-node@https://registry.npmjs.org/at-least-node/-/at-least-node-1.0.0.tgz 0ms (cache hit)
1815 http cache jake@https://registry.npmjs.org/jake/-/jake-10.9.4.tgz 0ms (cache hit)
1816 http cache @babel/helper-define-polyfill-provider@https://registry.npmjs.org/@babel/helper-define-polyfill-provider/-/helper-define-polyfill-provider-0.6.5.tgz 0ms (cache hit)
1817 http cache json-schema-traverse@https://registry.npmjs.org/json-schema-traverse/-/json-schema-traverse-1.0.0.tgz 0ms (cache hit)
1818 http cache fast-uri@https://registry.npmjs.org/fast-uri/-/fast-uri-3.1.0.tgz 0ms (cache hit)
1819 http cache ejs@https://registry.npmjs.org/ejs/-/ejs-3.1.10.tgz 0ms (cache hit)
1820 http cache string.prototype.matchall@https://registry.npmjs.org/string.prototype.matchall/-/string.prototype.matchall-4.0.12.tgz 0ms (cache hit)
1821 http cache lodash.debounce@https://registry.npmjs.org/lodash.debounce/-/lodash.debounce-4.0.8.tgz 0ms (cache hit)
1822 http cache terser@https://registry.npmjs.org/terser/-/terser-5.44.1.tgz 0ms (cache hit)
1823 http cache smob@https://registry.npmjs.org/smob/-/smob-1.5.0.tgz 0ms (cache hit)
1824 http cache serialize-javascript@https://registry.npmjs.org/serialize-javascript/-/serialize-javascript-6.0.2.tgz 0ms (cache hit)
1825 http cache deepmerge@https://registry.npmjs.org/deepmerge/-/deepmerge-4.3.1.tgz 0ms (cache hit)
1826 http cache @types/resolve@https://registry.npmjs.org/@types/resolve/-/resolve-1.20.2.tgz 0ms (cache hit)
1827 http cache @rollup/pluginutils@https://registry.npmjs.org/@rollup/pluginutils/-/pluginutils-3.1.0.tgz 0ms (cache hit)
1828 http cache esutils@https://registry.npmjs.org/esutils/-/esutils-2.0.3.tgz 0ms (cache hit)
1829 http cache is-module@https://registry.npmjs.org/is-module/-/is-module-1.0.0.tgz 0ms (cache hit)
1830 http cache @babel/helper-replace-supers@https://registry.npmjs.org/@babel/helper-replace-supers/-/helper-replace-supers-7.27.1.tgz 0ms (cache hit)
1831 http cache @babel/helper-optimise-call-expression@https://registry.npmjs.org/@babel/helper-optimise-call-expression/-/helper-optimise-call-expression-7.27.1.tgz 0ms (cache hit)
1832 http cache @babel/helper-member-expression-to-functions@https://registry.npmjs.org/@babel/helper-member-expression-to-functions/-/helper-member-expression-to-functions-7.28.5.tgz 0ms (cache hit)
1833 http cache @babel/helper-wrap-function@https://registry.npmjs.org/@babel/helper-wrap-function/-/helper-wrap-function-7.28.3.tgz 0ms (cache hit)
1834 http cache regexpu-core@https://registry.npmjs.org/regexpu-core/-/regexpu-core-6.4.0.tgz 0ms (cache hit)
1835 http cache @babel/helper-remap-async-to-generator@https://registry.npmjs.org/@babel/helper-remap-async-to-generator/-/helper-remap-async-to-generator-7.27.1.tgz 0ms (cache hit)
1836 http cache @babel/helper-annotate-as-pure@https://registry.npmjs.org/@babel/helper-annotate-as-pure/-/helper-annotate-as-pure-7.27.3.tgz 0ms (cache hit)
1837 http cache @babel/helper-create-class-features-plugin@https://registry.npmjs.org/@babel/helper-create-class-features-plugin/-/helper-create-class-features-plugin-7.28.5.tgz 0ms (cache hit)
1838 http cache @babel/helper-create-regexp-features-plugin@https://registry.npmjs.org/@babel/helper-create-regexp-features-plugin/-/helper-create-regexp-features-plugin-7.28.5.tgz 0ms (cache hit)
1839 http cache @babel/helper-skip-transparent-expression-wrappers@https://registry.npmjs.org/@babel/helper-skip-transparent-expression-wrappers/-/helper-skip-transparent-expression-wrappers-7.27.1.tgz 0ms (cache hit)
1840 http cache core-js-compat@https://registry.npmjs.org/core-js-compat/-/core-js-compat-3.47.0.tgz 0ms (cache hit)
1841 http cache babel-plugin-polyfill-regenerator@https://registry.npmjs.org/babel-plugin-polyfill-regenerator/-/babel-plugin-polyfill-regenerator-0.6.5.tgz 0ms (cache hit)
1842 http cache babel-plugin-polyfill-corejs3@https://registry.npmjs.org/babel-plugin-polyfill-corejs3/-/babel-plugin-polyfill-corejs3-0.13.0.tgz 0ms (cache hit)
1843 http cache babel-plugin-polyfill-corejs2@https://registry.npmjs.org/babel-plugin-polyfill-corejs2/-/babel-plugin-polyfill-corejs2-0.4.14.tgz 0ms (cache hit)
1844 http cache @babel/preset-modules@https://registry.npmjs.org/@babel/preset-modules/-/preset-modules-0.1.6-no-external-plugins.tgz 0ms (cache hit)
1845 http cache @babel/plugin-transform-unicode-sets-regex@https://registry.npmjs.org/@babel/plugin-transform-unicode-sets-regex/-/plugin-transform-unicode-sets-regex-7.27.1.tgz 0ms (cache hit)
1846 http cache @babel/plugin-transform-unicode-regex@https://registry.npmjs.org/@babel/plugin-transform-unicode-regex/-/plugin-transform-unicode-regex-7.27.1.tgz 0ms (cache hit)
1847 http cache @babel/plugin-transform-unicode-property-regex@https://registry.npmjs.org/@babel/plugin-transform-unicode-property-regex/-/plugin-transform-unicode-property-regex-7.27.1.tgz 0ms (cache hit)
1848 http cache @babel/plugin-transform-unicode-escapes@https://registry.npmjs.org/@babel/plugin-transform-unicode-escapes/-/plugin-transform-unicode-escapes-7.27.1.tgz 0ms (cache hit)
1849 http cache @babel/plugin-transform-typeof-symbol@https://registry.npmjs.org/@babel/plugin-transform-typeof-symbol/-/plugin-transform-typeof-symbol-7.27.1.tgz 0ms (cache hit)
1850 http cache @babel/plugin-transform-template-literals@https://registry.npmjs.org/@babel/plugin-transform-template-literals/-/plugin-transform-template-literals-7.27.1.tgz 0ms (cache hit)
1851 http cache @babel/plugin-transform-sticky-regex@https://registry.npmjs.org/@babel/plugin-transform-sticky-regex/-/plugin-transform-sticky-regex-7.27.1.tgz 0ms (cache hit)
1852 http cache @babel/plugin-transform-spread@https://registry.npmjs.org/@babel/plugin-transform-spread/-/plugin-transform-spread-7.27.1.tgz 0ms (cache hit)
1853 http cache @babel/plugin-transform-shorthand-properties@https://registry.npmjs.org/@babel/plugin-transform-shorthand-properties/-/plugin-transform-shorthand-properties-7.27.1.tgz 0ms (cache hit)
1854 http cache @babel/plugin-transform-reserved-words@https://registry.npmjs.org/@babel/plugin-transform-reserved-words/-/plugin-transform-reserved-words-7.27.1.tgz 0ms (cache hit)
1855 http cache @babel/plugin-transform-regexp-modifiers@https://registry.npmjs.org/@babel/plugin-transform-regexp-modifiers/-/plugin-transform-regexp-modifiers-7.27.1.tgz 0ms (cache hit)
1856 http cache @babel/plugin-transform-regenerator@https://registry.npmjs.org/@babel/plugin-transform-regenerator/-/plugin-transform-regenerator-7.28.4.tgz 0ms (cache hit)
1857 http cache @babel/plugin-transform-property-literals@https://registry.npmjs.org/@babel/plugin-transform-property-literals/-/plugin-transform-property-literals-7.27.1.tgz 0ms (cache hit)
1858 http cache @babel/plugin-transform-private-property-in-object@https://registry.npmjs.org/@babel/plugin-transform-private-property-in-object/-/plugin-transform-private-property-in-object-7.27.1.tgz 0ms (cache hit)
1859 http cache @babel/plugin-transform-private-methods@https://registry.npmjs.org/@babel/plugin-transform-private-methods/-/plugin-transform-private-methods-7.27.1.tgz 0ms (cache hit)
1860 http cache @babel/plugin-transform-parameters@https://registry.npmjs.org/@babel/plugin-transform-parameters/-/plugin-transform-parameters-7.27.7.tgz 0ms (cache hit)
1861 http cache @babel/plugin-transform-optional-chaining@https://registry.npmjs.org/@babel/plugin-transform-optional-chaining/-/plugin-transform-optional-chaining-7.28.5.tgz 0ms (cache hit)
1862 http cache @babel/plugin-transform-optional-catch-binding@https://registry.npmjs.org/@babel/plugin-transform-optional-catch-binding/-/plugin-transform-optional-catch-binding-7.27.1.tgz 0ms (cache hit)
1863 http cache @babel/plugin-transform-object-rest-spread@https://registry.npmjs.org/@babel/plugin-transform-object-rest-spread/-/plugin-transform-object-rest-spread-7.28.4.tgz 0ms (cache hit)
1864 http cache @babel/plugin-transform-object-super@https://registry.npmjs.org/@babel/plugin-transform-object-super/-/plugin-transform-object-super-7.27.1.tgz 0ms (cache hit)
1865 http cache @babel/plugin-transform-numeric-separator@https://registry.npmjs.org/@babel/plugin-transform-numeric-separator/-/plugin-transform-numeric-separator-7.27.1.tgz 0ms (cache hit)
1866 http cache @babel/plugin-transform-nullish-coalescing-operator@https://registry.npmjs.org/@babel/plugin-transform-nullish-coalescing-operator/-/plugin-transform-nullish-coalescing-operator-7.27.1.tgz 0ms (cache hit)
1867 http cache @babel/plugin-transform-new-target@https://registry.npmjs.org/@babel/plugin-transform-new-target/-/plugin-transform-new-target-7.27.1.tgz 0ms (cache hit)
1868 http cache @babel/plugin-transform-named-capturing-groups-regex@https://registry.npmjs.org/@babel/plugin-transform-named-capturing-groups-regex/-/plugin-transform-named-capturing-groups-regex-7.27.1.tgz 0ms (cache hit)
1869 http cache @babel/plugin-transform-modules-umd@https://registry.npmjs.org/@babel/plugin-transform-modules-umd/-/plugin-transform-modules-umd-7.27.1.tgz 0ms (cache hit)
1870 http cache @babel/plugin-transform-modules-commonjs@https://registry.npmjs.org/@babel/plugin-transform-modules-commonjs/-/plugin-transform-modules-commonjs-7.27.1.tgz 0ms (cache hit)
1871 http cache @babel/plugin-transform-modules-amd@https://registry.npmjs.org/@babel/plugin-transform-modules-amd/-/plugin-transform-modules-amd-7.27.1.tgz 0ms (cache hit)
1872 http cache @babel/plugin-transform-logical-assignment-operators@https://registry.npmjs.org/@babel/plugin-transform-logical-assignment-operators/-/plugin-transform-logical-assignment-operators-7.28.5.tgz 0ms (cache hit)
1873 http cache @babel/plugin-transform-literals@https://registry.npmjs.org/@babel/plugin-transform-literals/-/plugin-transform-literals-7.27.1.tgz 0ms (cache hit)
1874 http cache @babel/plugin-transform-member-expression-literals@https://registry.npmjs.org/@babel/plugin-transform-member-expression-literals/-/plugin-transform-member-expression-literals-7.27.1.tgz 0ms (cache hit)
1875 http cache @babel/plugin-transform-json-strings@https://registry.npmjs.org/@babel/plugin-transform-json-strings/-/plugin-transform-json-strings-7.27.1.tgz 0ms (cache hit)
1876 http cache @babel/plugin-transform-function-name@https://registry.npmjs.org/@babel/plugin-transform-function-name/-/plugin-transform-function-name-7.27.1.tgz 0ms (cache hit)
1877 http cache @babel/plugin-transform-for-of@https://registry.npmjs.org/@babel/plugin-transform-for-of/-/plugin-transform-for-of-7.27.1.tgz 0ms (cache hit)
1878 http cache @babel/plugin-transform-export-namespace-from@https://registry.npmjs.org/@babel/plugin-transform-export-namespace-from/-/plugin-transform-export-namespace-from-7.27.1.tgz 0ms (cache hit)
1879 http cache @babel/plugin-transform-explicit-resource-management@https://registry.npmjs.org/@babel/plugin-transform-explicit-resource-management/-/plugin-transform-explicit-resource-management-7.28.0.tgz 0ms (cache hit)
1880 http cache @babel/plugin-transform-exponentiation-operator@https://registry.npmjs.org/@babel/plugin-transform-exponentiation-operator/-/plugin-transform-exponentiation-operator-7.28.5.tgz 0ms (cache hit)
1881 http cache @babel/plugin-transform-dynamic-import@https://registry.npmjs.org/@babel/plugin-transform-dynamic-import/-/plugin-transform-dynamic-import-7.27.1.tgz 0ms (cache hit)
1882 http cache @babel/plugin-transform-duplicate-keys@https://registry.npmjs.org/@babel/plugin-transform-duplicate-keys/-/plugin-transform-duplicate-keys-7.27.1.tgz 0ms (cache hit)
1883 http cache @babel/plugin-transform-duplicate-named-capturing-groups-regex@https://registry.npmjs.org/@babel/plugin-transform-duplicate-named-capturing-groups-regex/-/plugin-transform-duplicate-named-capturing-groups-regex-7.27.1.tgz 0ms (cache hit)
1884 http cache @babel/plugin-transform-modules-systemjs@https://registry.npmjs.org/@babel/plugin-transform-modules-systemjs/-/plugin-transform-modules-systemjs-7.28.5.tgz 0ms (cache hit)
1885 http cache @babel/plugin-transform-dotall-regex@https://registry.npmjs.org/@babel/plugin-transform-dotall-regex/-/plugin-transform-dotall-regex-7.27.1.tgz 0ms (cache hit)
1886 http cache @babel/plugin-transform-destructuring@https://registry.npmjs.org/@babel/plugin-transform-destructuring/-/plugin-transform-destructuring-7.28.5.tgz 0ms (cache hit)
1887 http cache @babel/plugin-transform-computed-properties@https://registry.npmjs.org/@babel/plugin-transform-computed-properties/-/plugin-transform-computed-properties-7.27.1.tgz 0ms (cache hit)
1888 http cache @babel/plugin-transform-class-static-block@https://registry.npmjs.org/@babel/plugin-transform-class-static-block/-/plugin-transform-class-static-block-7.28.3.tgz 0ms (cache hit)
1889 http cache @babel/plugin-transform-class-properties@https://registry.npmjs.org/@babel/plugin-transform-class-properties/-/plugin-transform-class-properties-7.27.1.tgz 0ms (cache hit)
1890 http cache @babel/plugin-transform-block-scoping@https://registry.npmjs.org/@babel/plugin-transform-block-scoping/-/plugin-transform-block-scoping-7.28.5.tgz 0ms (cache hit)
1891 http cache @babel/plugin-transform-block-scoped-functions@https://registry.npmjs.org/@babel/plugin-transform-block-scoped-functions/-/plugin-transform-block-scoped-functions-7.27.1.tgz 0ms (cache hit)
1892 http cache @babel/plugin-transform-async-to-generator@https://registry.npmjs.org/@babel/plugin-transform-async-to-generator/-/plugin-transform-async-to-generator-7.27.1.tgz 0ms (cache hit)
1893 http cache @babel/plugin-transform-arrow-functions@https://registry.npmjs.org/@babel/plugin-transform-arrow-functions/-/plugin-transform-arrow-functions-7.27.1.tgz 0ms (cache hit)
1894 http cache @babel/plugin-transform-async-generator-functions@https://registry.npmjs.org/@babel/plugin-transform-async-generator-functions/-/plugin-transform-async-generator-functions-7.28.0.tgz 0ms (cache hit)
1895 http cache @babel/plugin-syntax-unicode-sets-regex@https://registry.npmjs.org/@babel/plugin-syntax-unicode-sets-regex/-/plugin-syntax-unicode-sets-regex-7.18.6.tgz 0ms (cache hit)
1896 http cache @babel/plugin-transform-classes@https://registry.npmjs.org/@babel/plugin-transform-classes/-/plugin-transform-classes-7.28.4.tgz 0ms (cache hit)
1897 http cache @babel/plugin-syntax-import-assertions@https://registry.npmjs.org/@babel/plugin-syntax-import-assertions/-/plugin-syntax-import-assertions-7.27.1.tgz 0ms (cache hit)
1898 http cache @babel/plugin-syntax-import-attributes@https://registry.npmjs.org/@babel/plugin-syntax-import-attributes/-/plugin-syntax-import-attributes-7.27.1.tgz 0ms (cache hit)
1899 http cache @babel/plugin-proposal-private-property-in-object@https://registry.npmjs.org/@babel/plugin-proposal-private-property-in-object/-/plugin-proposal-private-property-in-object-7.21.0-placeholder-for-preset-env.2.tgz 0ms (cache hit)
1900 http cache @babel/plugin-bugfix-v8-static-class-fields-redefine-readonly@https://registry.npmjs.org/@babel/plugin-bugfix-v8-static-class-fields-redefine-readonly/-/plugin-bugfix-v8-static-class-fields-redefine-readonly-7.28.3.tgz 0ms (cache hit)
1901 http cache @babel/plugin-bugfix-safari-id-destructuring-collision-in-function-expression@https://registry.npmjs.org/@babel/plugin-bugfix-safari-id-destructuring-collision-in-function-expression/-/plugin-bugfix-safari-id-destructuring-collision-in-function-expression-7.27.1.tgz 0ms (cache hit)
1902 http cache @babel/plugin-bugfix-firefox-class-in-computed-class-key@https://registry.npmjs.org/@babel/plugin-bugfix-firefox-class-in-computed-class-key/-/plugin-bugfix-firefox-class-in-computed-class-key-7.28.5.tgz 0ms (cache hit)
1903 http cache @babel/plugin-bugfix-safari-class-field-initializer-scope@https://registry.npmjs.org/@babel/plugin-bugfix-safari-class-field-initializer-scope/-/plugin-bugfix-safari-class-field-initializer-scope-7.27.1.tgz 0ms (cache hit)
1904 http cache @babel/plugin-bugfix-v8-spread-parameters-in-optional-chaining@https://registry.npmjs.org/@babel/plugin-bugfix-v8-spread-parameters-in-optional-chaining/-/plugin-bugfix-v8-spread-parameters-in-optional-chaining-7.27.1.tgz 0ms (cache hit)
1905 http cache jsonpointer@https://registry.npmjs.org/jsonpointer/-/jsonpointer-5.0.1.tgz 0ms (cache hit)
1906 http cache json-schema@https://registry.npmjs.org/json-schema/-/json-schema-0.4.0.tgz 0ms (cache hit)
1907 http cache leven@https://registry.npmjs.org/leven/-/leven-3.1.0.tgz 0ms (cache hit)
1908 http cache workbox-sw@https://registry.npmjs.org/workbox-sw/-/workbox-sw-7.4.0.tgz 0ms (cache hit)
1909 http cache workbox-streams@https://registry.npmjs.org/workbox-streams/-/workbox-streams-7.4.0.tgz 0ms (cache hit)
1910 http cache workbox-routing@https://registry.npmjs.org/workbox-routing/-/workbox-routing-7.4.0.tgz 0ms (cache hit)
1911 http cache workbox-recipes@https://registry.npmjs.org/workbox-recipes/-/workbox-recipes-7.4.0.tgz 0ms (cache hit)
1912 http cache workbox-range-requests@https://registry.npmjs.org/workbox-range-requests/-/workbox-range-requests-7.4.0.tgz 0ms (cache hit)
1913 http cache workbox-precaching@https://registry.npmjs.org/workbox-precaching/-/workbox-precaching-7.4.0.tgz 0ms (cache hit)
1914 http cache workbox-navigation-preload@https://registry.npmjs.org/workbox-navigation-preload/-/workbox-navigation-preload-7.4.0.tgz 0ms (cache hit)
1915 http cache workbox-google-analytics@https://registry.npmjs.org/workbox-google-analytics/-/workbox-google-analytics-7.4.0.tgz 0ms (cache hit)
1916 http cache workbox-expiration@https://registry.npmjs.org/workbox-expiration/-/workbox-expiration-7.4.0.tgz 0ms (cache hit)
1917 http cache workbox-core@https://registry.npmjs.org/workbox-core/-/workbox-core-7.4.0.tgz 0ms (cache hit)
1918 http cache workbox-cacheable-response@https://registry.npmjs.org/workbox-cacheable-response/-/workbox-cacheable-response-7.4.0.tgz 0ms (cache hit)
1919 http cache workbox-broadcast-update@https://registry.npmjs.org/workbox-broadcast-update/-/workbox-broadcast-update-7.4.0.tgz 0ms (cache hit)
1920 http cache workbox-background-sync@https://registry.npmjs.org/workbox-background-sync/-/workbox-background-sync-7.4.0.tgz 0ms (cache hit)
1921 http cache upath@https://registry.npmjs.org/upath/-/upath-1.2.0.tgz 0ms (cache hit)
1922 http cache workbox-strategies@https://registry.npmjs.org/workbox-strategies/-/workbox-strategies-7.4.0.tgz 0ms (cache hit)
1923 http cache tempy@https://registry.npmjs.org/tempy/-/tempy-0.6.0.tgz 0ms (cache hit)
1924 http cache strip-comments@https://registry.npmjs.org/strip-comments/-/strip-comments-2.0.1.tgz 0ms (cache hit)
1925 http cache stringify-object@https://registry.npmjs.org/stringify-object/-/stringify-object-3.3.0.tgz 0ms (cache hit)
1926 http cache glob@https://registry.npmjs.org/glob/-/glob-11.1.0.tgz 0ms (cache hit)
1927 http cache fs-extra@https://registry.npmjs.org/fs-extra/-/fs-extra-9.1.0.tgz 0ms (cache hit)
1928 http cache lodash@https://registry.npmjs.org/lodash/-/lodash-4.17.21.tgz 0ms (cache hit)
1929 http cache fast-json-stable-stringify@https://registry.npmjs.org/fast-json-stable-stringify/-/fast-json-stable-stringify-2.1.0.tgz 0ms (cache hit)
1930 http cache ajv@https://registry.npmjs.org/ajv/-/ajv-8.17.1.tgz 0ms (cache hit)
1931 http cache common-tags@https://registry.npmjs.org/common-tags/-/common-tags-1.8.2.tgz 0ms (cache hit)
1932 http cache source-map@https://registry.npmjs.org/source-map/-/source-map-0.8.0-beta.0.tgz 0ms (cache hit)
1933 http cache @rollup/plugin-terser@https://registry.npmjs.org/@rollup/plugin-terser/-/plugin-terser-0.4.4.tgz 0ms (cache hit)
1934 http cache @rollup/plugin-babel@https://registry.npmjs.org/@rollup/plugin-babel/-/plugin-babel-5.3.1.tgz 0ms (cache hit)
1935 http cache @surma/rollup-plugin-off-main-thread@https://registry.npmjs.org/@surma/rollup-plugin-off-main-thread/-/rollup-plugin-off-main-thread-2.2.3.tgz 0ms (cache hit)
1936 http cache @rollup/plugin-node-resolve@https://registry.npmjs.org/@rollup/plugin-node-resolve/-/plugin-node-resolve-15.3.1.tgz 0ms (cache hit)
1937 http cache @babel/preset-env@https://registry.npmjs.org/@babel/preset-env/-/preset-env-7.28.5.tgz 0ms (cache hit)
1938 http cache @apideck/better-ajv-errors@https://registry.npmjs.org/@apideck/better-ajv-errors/-/better-ajv-errors-0.3.6.tgz 0ms (cache hit)
1939 http cache @rollup/plugin-replace@https://registry.npmjs.org/@rollup/plugin-replace/-/plugin-replace-2.4.2.tgz 0ms (cache hit)
1940 http cache pretty-bytes@https://registry.npmjs.org/pretty-bytes/-/pretty-bytes-6.1.1.tgz 0ms (cache hit)
1941 http cache wgsl_reflect@https://registry.npmjs.org/wgsl_reflect/-/wgsl_reflect-1.2.3.tgz 0ms (cache hit)
1942 http cache @loaders.gl/worker-utils@https://registry.npmjs.org/@loaders.gl/worker-utils/-/worker-utils-4.3.4.tgz 0ms (cache hit)
1943 http cache @math.gl/polygon@https://registry.npmjs.org/@math.gl/polygon/-/polygon-4.1.0.tgz 0ms (cache hit)
1944 http cache @loaders.gl/loader-utils@https://registry.npmjs.org/@loaders.gl/loader-utils/-/loader-utils-4.3.4.tgz 0ms (cache hit)
1945 http cache @loaders.gl/schema@https://registry.npmjs.org/@loaders.gl/schema/-/schema-4.3.4.tgz 0ms (cache hit)
1946 http cache workbox-build@https://registry.npmjs.org/workbox-build/-/workbox-build-7.4.0.tgz 0ms (cache hit)
1947 http cache mjolnir.js@https://registry.npmjs.org/mjolnir.js/-/mjolnir.js-3.0.0.tgz 0ms (cache hit)
1948 http cache @probe.gl/stats@https://registry.npmjs.org/@probe.gl/stats/-/stats-4.1.0.tgz 0ms (cache hit)
1949 http cache @probe.gl/log@https://registry.npmjs.org/@probe.gl/log/-/log-4.1.0.tgz 0ms (cache hit)
1950 http cache @math.gl/sun@https://registry.npmjs.org/@math.gl/sun/-/sun-4.1.0.tgz 0ms (cache hit)
1951 http cache @math.gl/types@https://registry.npmjs.org/@math.gl/types/-/types-4.1.0.tgz 0ms (cache hit)
1952 http cache @luma.gl/webgl@https://registry.npmjs.org/@luma.gl/webgl/-/webgl-9.2.5.tgz 0ms (cache hit)
1953 http cache @luma.gl/engine@https://registry.npmjs.org/@luma.gl/engine/-/engine-9.2.5.tgz 0ms (cache hit)
1954 http cache @luma.gl/core@https://registry.npmjs.org/@luma.gl/core/-/core-9.2.5.tgz 0ms (cache hit)
1955 http cache @loaders.gl/images@https://registry.npmjs.org/@loaders.gl/images/-/images-4.3.4.tgz 0ms (cache hit)
1956 http cache @probe.gl/env@https://registry.npmjs.org/@probe.gl/env/-/env-4.1.0.tgz 0ms (cache hit)
1957 http cache @loaders.gl/core@https://registry.npmjs.org/@loaders.gl/core/-/core-4.3.4.tgz 0ms (cache hit)
1958 http cache @math.gl/web-mercator@https://registry.npmjs.org/@math.gl/web-mercator/-/web-mercator-4.1.0.tgz 0ms (cache hit)
1959 http cache d3-hexbin@https://registry.npmjs.org/d3-hexbin/-/d3-hexbin-0.2.2.tgz 0ms (cache hit)
1960 http cache @luma.gl/constants@https://registry.npmjs.org/@luma.gl/constants/-/constants-9.2.5.tgz 0ms (cache hit)
1961 http cache @luma.gl/shadertools@https://registry.npmjs.org/@luma.gl/shadertools/-/shadertools-9.2.5.tgz 0ms (cache hit)
1962 http cache workbox-window@https://registry.npmjs.org/workbox-window/-/workbox-window-7.4.0.tgz 0ms (cache hit)
1963 http cache vite-plugin-pwa@https://registry.npmjs.org/vite-plugin-pwa/-/vite-plugin-pwa-1.2.0.tgz 0ms (cache hit)
1964 http cache @deck.gl/react@https://registry.npmjs.org/@deck.gl/react/-/react-9.2.5.tgz 0ms (cache hit)
1965 http cache @deck.gl/layers@https://registry.npmjs.org/@deck.gl/layers/-/layers-9.2.5.tgz 0ms (cache hit)
1966 http cache @math.gl/core@https://registry.npmjs.org/@math.gl/core/-/core-4.1.0.tgz 0ms (cache hit)
1967 http cache @deck.gl/aggregation-layers@https://registry.npmjs.org/@deck.gl/aggregation-layers/-/aggregation-layers-9.2.5.tgz 0ms (cache hit)
1968 http cache @deck.gl/core@https://registry.npmjs.org/@deck.gl/core/-/core-9.2.5.tgz 0ms (cache hit)
1969 http cache isarray@https://registry.npmjs.org/isarray/-/isarray-2.0.5.tgz 0ms (cache hit)
1970 http cache isarray@https://registry.npmjs.org/isarray/-/isarray-2.0.5.tgz 0ms (cache hit)
1971 http cache isarray@https://registry.npmjs.org/isarray/-/isarray-2.0.5.tgz 0ms (cache hit)
1972 http cache minimatch@https://registry.npmjs.org/minimatch/-/minimatch-5.1.6.tgz 0ms (cache hit)
1973 http cache ansi-styles@https://registry.npmjs.org/ansi-styles/-/ansi-styles-6.2.3.tgz 0ms (cache hit)
1974 http cache ansi-regex@https://registry.npmjs.org/ansi-regex/-/ansi-regex-6.2.2.tgz 0ms (cache hit)
1975 http cache wrap-ansi@https://registry.npmjs.org/wrap-ansi/-/wrap-ansi-8.1.0.tgz 0ms (cache hit)
1976 http cache string-width@https://registry.npmjs.org/string-width/-/string-width-5.1.2.tgz 0ms (cache hit)
1977 http cache strip-ansi@https://registry.npmjs.org/strip-ansi/-/strip-ansi-7.1.2.tgz 0ms (cache hit)
1978 http cache source-map@https://registry.npmjs.org/source-map/-/source-map-0.6.1.tgz 0ms (cache hit)
1979 http cache emoji-regex@https://registry.npmjs.org/emoji-regex/-/emoji-regex-9.2.2.tgz 0ms (cache hit)
1980 http cache lru-cache@https://registry.npmjs.org/lru-cache/-/lru-cache-11.2.4.tgz 0ms (cache hit)
1981 http cache commander@https://registry.npmjs.org/commander/-/commander-2.20.3.tgz 0ms (cache hit)
1982 http cache estree-walker@https://registry.npmjs.org/estree-walker/-/estree-walker-1.0.1.tgz 0ms (cache hit)
1983 http cache @types/estree@https://registry.npmjs.org/@types/estree/-/estree-0.0.39.tgz 0ms (cache hit)
1984 http cache isexe@https://registry.npmjs.org/isexe/-/isexe-2.0.0.tgz 0ms (cache hit)
1985 http cache webidl-conversions@https://registry.npmjs.org/webidl-conversions/-/webidl-conversions-4.0.2.tgz 0ms (cache hit)
1986 http cache whatwg-url@https://registry.npmjs.org/whatwg-url/-/whatwg-url-7.1.0.tgz 0ms (cache hit)
1987 http cache tr46@https://registry.npmjs.org/tr46/-/tr46-1.0.1.tgz 0ms (cache hit)
1988 http cache magic-string@https://registry.npmjs.org/magic-string/-/magic-string-0.25.9.tgz 0ms (cache hit)
1989 http cache magic-string@https://registry.npmjs.org/magic-string/-/magic-string-0.25.9.tgz 0ms (cache hit)
1990 http cache picomatch@https://registry.npmjs.org/picomatch/-/picomatch-4.0.3.tgz 0ms (cache hit)
1991 http cache which@https://registry.npmjs.org/which/-/which-2.0.2.tgz 0ms (cache hit)
1992 http cache estree-walker@https://registry.npmjs.org/estree-walker/-/estree-walker-2.0.2.tgz 0ms (cache hit)
1993 http cache rollup@https://registry.npmjs.org/rollup/-/rollup-2.79.2.tgz 0ms (cache hit)
1994 http cache @types/offscreencanvas@https://registry.npmjs.org/@types/offscreencanvas/-/offscreencanvas-2019.7.3.tgz 0ms (cache hit)
1995 http cache earcut@https://registry.npmjs.org/earcut/-/earcut-2.2.4.tgz 0ms (cache hit)
1996 http cache @rollup/pluginutils@https://registry.npmjs.org/@rollup/pluginutils/-/pluginutils-5.3.0.tgz 0ms (cache hit)
1997 http cache @types/offscreencanvas@https://registry.npmjs.org/@types/offscreencanvas/-/offscreencanvas-2019.7.3.tgz 0ms (cache hit)
1998 http cache pretty-bytes@https://registry.npmjs.org/pretty-bytes/-/pretty-bytes-5.6.0.tgz 0ms (cache hit)
1999 silly tarball no local data for lodash.sortby@https://registry.npmjs.org/lodash.sortby/-/lodash.sortby-4.7.0.tgz. Extracting by manifest.
2000 silly tarball no local data for balanced-match@https://registry.npmjs.org/balanced-match/-/balanced-match-1.0.2.tgz. Extracting by manifest.
2001 silly tarball no local data for sourcemap-codec@https://registry.npmjs.org/sourcemap-codec/-/sourcemap-codec-1.4.8.tgz. Extracting by manifest.
2002 silly tarball no local data for eastasianwidth@https://registry.npmjs.org/eastasianwidth/-/eastasianwidth-0.2.0.tgz. Extracting by manifest.
2003 silly tarball no local data for idb@https://registry.npmjs.org/idb/-/idb-7.1.1.tgz. Extracting by manifest.
2004 silly tarball no local data for brace-expansion@https://registry.npmjs.org/brace-expansion/-/brace-expansion-2.0.2.tgz. Extracting by manifest.
2005 silly tarball no local data for is-map@https://registry.npmjs.org/is-map/-/is-map-2.0.3.tgz. Extracting by manifest.
2006 silly tarball no local data for is-weakmap@https://registry.npmjs.org/is-weakmap/-/is-weakmap-2.0.2.tgz. Extracting by manifest.
2007 silly tarball no local data for generator-function@https://registry.npmjs.org/generator-function/-/generator-function-2.0.1.tgz. Extracting by manifest.
2008 silly tarball no local data for async-function@https://registry.npmjs.org/async-function/-/async-function-1.0.0.tgz. Extracting by manifest.
2009 silly tarball no local data for which-collection@https://registry.npmjs.org/which-collection/-/which-collection-1.0.2.tgz. Extracting by manifest.
2010 silly tarball no local data for is-weakset@https://registry.npmjs.org/is-weakset/-/is-weakset-2.0.4.tgz. Extracting by manifest.
2011 silly tarball no local data for is-finalizationregistry@https://registry.npmjs.org/is-finalizationregistry/-/is-finalizationregistry-1.1.1.tgz. Extracting by manifest.
2012 silly tarball no local data for is-generator-function@https://registry.npmjs.org/is-generator-function/-/is-generator-function-1.1.2.tgz. Extracting by manifest.
2013 silly tarball no local data for is-boolean-object@https://registry.npmjs.org/is-boolean-object/-/is-boolean-object-1.2.2.tgz. Extracting by manifest.
2014 silly tarball no local data for is-bigint@https://registry.npmjs.org/is-bigint/-/is-bigint-1.1.0.tgz. Extracting by manifest.
2015 silly tarball no local data for is-number-object@https://registry.npmjs.org/is-number-object/-/is-number-object-1.1.1.tgz. Extracting by manifest.
2016 silly tarball no local data for crypto-random-string@https://registry.npmjs.org/crypto-random-string/-/crypto-random-string-2.0.0.tgz. Extracting by manifest.
2017 silly tarball no local data for unicode-property-aliases-ecmascript@https://registry.npmjs.org/unicode-property-aliases-ecmascript/-/unicode-property-aliases-ecmascript-2.2.0.tgz. Extracting by manifest.
2018 silly tarball no local data for unicode-canonical-property-names-ecmascript@https://registry.npmjs.org/unicode-canonical-property-names-ecmascript/-/unicode-canonical-property-names-ecmascript-2.0.1.tgz. Extracting by manifest.
2019 silly tarball no local data for has-bigints@https://registry.npmjs.org/has-bigints/-/has-bigints-1.1.0.tgz. Extracting by manifest.
2020 silly tarball no local data for which-boxed-primitive@https://registry.npmjs.org/which-boxed-primitive/-/which-boxed-primitive-1.1.1.tgz. Extracting by manifest.
2021 silly tarball no local data for which-builtin-type@https://registry.npmjs.org/which-builtin-type/-/which-builtin-type-1.2.1.tgz. Extracting by manifest.
2022 silly tarball no local data for is-async-function@https://registry.npmjs.org/is-async-function/-/is-async-function-2.1.1.tgz. Extracting by manifest.
2023 silly tarball no local data for reflect.getprototypeof@https://registry.npmjs.org/reflect.getprototypeof/-/reflect.getprototypeof-1.0.10.tgz. Extracting by manifest.
2024 silly tarball no local data for for-each@https://registry.npmjs.org/for-each/-/for-each-0.3.5.tgz. Extracting by manifest.
2025 silly tarball no local data for source-map-support@https://registry.npmjs.org/source-map-support/-/source-map-support-0.5.21.tgz. Extracting by manifest.
2026 silly tarball no local data for acorn@https://registry.npmjs.org/acorn/-/acorn-8.15.0.tgz. Extracting by manifest.
2027 silly tarball no local data for buffer-from@https://registry.npmjs.org/buffer-from/-/buffer-from-1.1.2.tgz. Extracting by manifest.
2028 silly tarball no local data for @jridgewell/source-map@https://registry.npmjs.org/@jridgewell/source-map/-/source-map-0.3.11.tgz. Extracting by manifest.
2029 silly tarball no local data for unique-string@https://registry.npmjs.org/unique-string/-/unique-string-2.0.0.tgz. Extracting by manifest.
2030 silly tarball no local data for temp-dir@https://registry.npmjs.org/temp-dir/-/temp-dir-2.0.0.tgz. Extracting by manifest.
2031 silly tarball no local data for type-fest@https://registry.npmjs.org/type-fest/-/type-fest-0.16.0.tgz. Extracting by manifest.
2032 silly tarball no local data for is-stream@https://registry.npmjs.org/is-stream/-/is-stream-2.0.1.tgz. Extracting by manifest.
2033 silly tarball no local data for is-regexp@https://registry.npmjs.org/is-regexp/-/is-regexp-1.0.0.tgz. Extracting by manifest.
2034 silly tarball no local data for is-obj@https://registry.npmjs.org/is-obj/-/is-obj-1.0.1.tgz. Extracting by manifest.
2035 silly tarball no local data for side-channel-weakmap@https://registry.npmjs.org/side-channel-weakmap/-/side-channel-weakmap-1.0.2.tgz. Extracting by manifest.
2036 silly tarball no local data for side-channel-map@https://registry.npmjs.org/side-channel-map/-/side-channel-map-1.0.1.tgz. Extracting by manifest.
2037 silly tarball no local data for get-own-enumerable-property-symbols@https://registry.npmjs.org/get-own-enumerable-property-symbols/-/get-own-enumerable-property-symbols-3.0.2.tgz. Extracting by manifest.
2038 silly tarball no local data for functions-have-names@https://registry.npmjs.org/functions-have-names/-/functions-have-names-1.2.3.tgz. Extracting by manifest.
2039 silly tarball no local data for side-channel-list@https://registry.npmjs.org/side-channel-list/-/side-channel-list-1.0.0.tgz. Extracting by manifest.
2040 silly tarball no local data for is-symbol@https://registry.npmjs.org/is-symbol/-/is-symbol-1.1.1.tgz. Extracting by manifest.
2041 silly tarball no local data for is-date-object@https://registry.npmjs.org/is-date-object/-/is-date-object-1.1.0.tgz. Extracting by manifest.
2042 silly tarball no local data for possible-typed-array-names@https://registry.npmjs.org/possible-typed-array-names/-/possible-typed-array-names-1.1.0.tgz. Extracting by manifest.
2043 silly tarball no local data for which-typed-array@https://registry.npmjs.org/which-typed-array/-/which-typed-array-1.1.19.tgz. Extracting by manifest.
2044 silly tarball no local data for unbox-primitive@https://registry.npmjs.org/unbox-primitive/-/unbox-primitive-1.1.0.tgz. Extracting by manifest.
2045 silly tarball no local data for typed-array-length@https://registry.npmjs.org/typed-array-length/-/typed-array-length-1.0.7.tgz. Extracting by manifest.
2046 silly tarball no local data for typed-array-byte-offset@https://registry.npmjs.org/typed-array-byte-offset/-/typed-array-byte-offset-1.0.4.tgz. Extracting by manifest.
2047 silly tarball no local data for typed-array-byte-length@https://registry.npmjs.org/typed-array-byte-length/-/typed-array-byte-length-1.0.3.tgz. Extracting by manifest.
2048 silly tarball no local data for typed-array-buffer@https://registry.npmjs.org/typed-array-buffer/-/typed-array-buffer-1.0.3.tgz. Extracting by manifest.
2049 silly tarball no local data for string.prototype.trim@https://registry.npmjs.org/string.prototype.trim/-/string.prototype.trim-1.2.10.tgz. Extracting by manifest.
2050 silly tarball no local data for stop-iteration-iterator@https://registry.npmjs.org/stop-iteration-iterator/-/stop-iteration-iterator-1.1.0.tgz. Extracting by manifest.
2051 silly tarball no local data for string.prototype.trimstart@https://registry.npmjs.org/string.prototype.trimstart/-/string.prototype.trimstart-1.0.8.tgz. Extracting by manifest.
2052 silly tarball no local data for set-proto@https://registry.npmjs.org/set-proto/-/set-proto-1.0.0.tgz. Extracting by manifest.
2053 silly tarball no local data for safe-regex-test@https://registry.npmjs.org/safe-regex-test/-/safe-regex-test-1.1.0.tgz. Extracting by manifest.
2054 silly tarball no local data for safe-push-apply@https://registry.npmjs.org/safe-push-apply/-/safe-push-apply-1.0.0.tgz. Extracting by manifest.
2055 silly tarball no local data for safe-array-concat@https://registry.npmjs.org/safe-array-concat/-/safe-array-concat-1.1.3.tgz. Extracting by manifest.
2056 silly tarball no local data for own-keys@https://registry.npmjs.org/own-keys/-/own-keys-1.0.1.tgz. Extracting by manifest.
2057 silly tarball no local data for object.assign@https://registry.npmjs.org/object.assign/-/object.assign-4.1.7.tgz. Extracting by manifest.
2058 silly tarball no local data for object-inspect@https://registry.npmjs.org/object-inspect/-/object-inspect-1.13.4.tgz. Extracting by manifest.
2059 silly tarball no local data for is-weakref@https://registry.npmjs.org/is-weakref/-/is-weakref-1.1.1.tgz. Extracting by manifest.
2060 silly tarball no local data for is-typed-array@https://registry.npmjs.org/is-typed-array/-/is-typed-array-1.1.15.tgz. Extracting by manifest.
2061 silly tarball no local data for is-shared-array-buffer@https://registry.npmjs.org/is-shared-array-buffer/-/is-shared-array-buffer-1.0.4.tgz. Extracting by manifest.
2062 silly tarball no local data for is-set@https://registry.npmjs.org/is-set/-/is-set-2.0.3.tgz. Extracting by manifest.
2063 silly tarball no local data for is-string@https://registry.npmjs.org/is-string/-/is-string-1.1.1.tgz. Extracting by manifest.
2064 silly tarball no local data for is-regex@https://registry.npmjs.org/is-regex/-/is-regex-1.2.1.tgz. Extracting by manifest.
2065 silly tarball no local data for is-negative-zero@https://registry.npmjs.org/is-negative-zero/-/is-negative-zero-2.0.3.tgz. Extracting by manifest.
2066 silly tarball no local data for is-callable@https://registry.npmjs.org/is-callable/-/is-callable-1.2.7.tgz. Extracting by manifest.
2067 silly tarball no local data for is-array-buffer@https://registry.npmjs.org/is-array-buffer/-/is-array-buffer-3.0.5.tgz. Extracting by manifest.
2068 silly tarball no local data for has-proto@https://registry.npmjs.org/has-proto/-/has-proto-1.2.0.tgz. Extracting by manifest.
2069 silly tarball no local data for is-data-view@https://registry.npmjs.org/is-data-view/-/is-data-view-1.0.2.tgz. Extracting by manifest.
2070 silly tarball no local data for globalthis@https://registry.npmjs.org/globalthis/-/globalthis-1.0.4.tgz. Extracting by manifest.
2071 silly tarball no local data for get-symbol-description@https://registry.npmjs.org/get-symbol-description/-/get-symbol-description-1.1.0.tgz. Extracting by manifest.
2072 silly tarball no local data for string.prototype.trimend@https://registry.npmjs.org/string.prototype.trimend/-/string.prototype.trimend-1.0.9.tgz. Extracting by manifest.
2073 silly tarball no local data for function.prototype.name@https://registry.npmjs.org/function.prototype.name/-/function.prototype.name-1.1.8.tgz. Extracting by manifest.
2074 silly tarball no local data for data-view-byte-offset@https://registry.npmjs.org/data-view-byte-offset/-/data-view-byte-offset-1.0.1.tgz. Extracting by manifest.
2075 silly tarball no local data for data-view-buffer@https://registry.npmjs.org/data-view-buffer/-/data-view-buffer-1.0.2.tgz. Extracting by manifest.
2076 silly tarball no local data for available-typed-arrays@https://registry.npmjs.org/available-typed-arrays/-/available-typed-arrays-1.0.7.tgz. Extracting by manifest.
2077 silly tarball no local data for arraybuffer.prototype.slice@https://registry.npmjs.org/arraybuffer.prototype.slice/-/arraybuffer.prototype.slice-1.0.4.tgz. Extracting by manifest.
2078 silly tarball no local data for array-buffer-byte-length@https://registry.npmjs.org/array-buffer-byte-length/-/array-buffer-byte-length-1.0.2.tgz. Extracting by manifest.
2079 silly tarball no local data for object-keys@https://registry.npmjs.org/object-keys/-/object-keys-1.1.1.tgz. Extracting by manifest.
2080 silly tarball no local data for es-to-primitive@https://registry.npmjs.org/es-to-primitive/-/es-to-primitive-1.3.0.tgz. Extracting by manifest.
2081 silly tarball no local data for has-property-descriptors@https://registry.npmjs.org/has-property-descriptors/-/has-property-descriptors-1.0.2.tgz. Extracting by manifest.
2082 silly tarball no local data for define-data-property@https://registry.npmjs.org/define-data-property/-/define-data-property-1.1.4.tgz. Extracting by manifest.
2083 silly tarball no local data for set-function-length@https://registry.npmjs.org/set-function-length/-/set-function-length-1.2.2.tgz. Extracting by manifest.
2084 silly tarball no local data for side-channel@https://registry.npmjs.org/side-channel/-/side-channel-1.1.0.tgz. Extracting by manifest.
2085 silly tarball no local data for set-function-name@https://registry.npmjs.org/set-function-name/-/set-function-name-2.0.2.tgz. Extracting by manifest.
2086 silly tarball no local data for regexp.prototype.flags@https://registry.npmjs.org/regexp.prototype.flags/-/regexp.prototype.flags-1.5.4.tgz. Extracting by manifest.
2087 silly tarball no local data for es-abstract@https://registry.npmjs.org/es-abstract/-/es-abstract-1.24.1.tgz. Extracting by manifest.
2088 silly tarball no local data for internal-slot@https://registry.npmjs.org/internal-slot/-/internal-slot-1.1.0.tgz. Extracting by manifest.
2089 silly tarball no local data for define-properties@https://registry.npmjs.org/define-properties/-/define-properties-1.2.1.tgz. Extracting by manifest.
2090 silly tarball no local data for data-view-byte-length@https://registry.npmjs.org/data-view-byte-length/-/data-view-byte-length-1.0.2.tgz. Extracting by manifest.
2091 silly tarball no local data for call-bound@https://registry.npmjs.org/call-bound/-/call-bound-1.0.4.tgz. Extracting by manifest.
2092 silly tarball no local data for unicode-match-property-value-ecmascript@https://registry.npmjs.org/unicode-match-property-value-ecmascript/-/unicode-match-property-value-ecmascript-2.2.1.tgz. Extracting by manifest.
2093 silly tarball no local data for call-bind@https://registry.npmjs.org/call-bind/-/call-bind-1.0.8.tgz. Extracting by manifest.
2094 silly tarball no local data for unicode-match-property-ecmascript@https://registry.npmjs.org/unicode-match-property-ecmascript/-/unicode-match-property-ecmascript-2.0.0.tgz. Extracting by manifest.
2095 silly tarball no local data for regjsparser@https://registry.npmjs.org/regjsparser/-/regjsparser-0.13.0.tgz. Extracting by manifest.
2096 silly tarball no local data for shebang-regex@https://registry.npmjs.org/shebang-regex/-/shebang-regex-3.0.0.tgz. Extracting by manifest.
2097 silly tarball no local data for regjsgen@https://registry.npmjs.org/regjsgen/-/regjsgen-0.8.0.tgz. Extracting by manifest.
2098 silly tarball no local data for regenerate-unicode-properties@https://registry.npmjs.org/regenerate-unicode-properties/-/regenerate-unicode-properties-10.2.2.tgz. Extracting by manifest.
2099 silly tarball no local data for regenerate@https://registry.npmjs.org/regenerate/-/regenerate-1.4.2.tgz. Extracting by manifest.
2100 silly tarball no local data for @isaacs/balanced-match@https://registry.npmjs.org/@isaacs/balanced-match/-/balanced-match-4.0.1.tgz. Extracting by manifest.
2101 silly tarball no local data for @isaacs/brace-expansion@https://registry.npmjs.org/@isaacs/brace-expansion/-/brace-expansion-5.0.0.tgz. Extracting by manifest.
2102 silly tarball no local data for async@https://registry.npmjs.org/async/-/async-3.2.6.tgz. Extracting by manifest.
2103 silly tarball no local data for filelist@https://registry.npmjs.org/filelist/-/filelist-1.0.4.tgz. Extracting by manifest.
2104 silly tarball no local data for randombytes@https://registry.npmjs.org/randombytes/-/randombytes-2.1.0.tgz. Extracting by manifest.
2105 silly tarball no local data for wrap-ansi-cjs@https://registry.npmjs.org/wrap-ansi/-/wrap-ansi-7.0.0.tgz. Extracting by manifest.
2106 silly tarball no local data for strip-ansi-cjs@https://registry.npmjs.org/strip-ansi/-/strip-ansi-6.0.1.tgz. Extracting by manifest.
2107 silly tarball no local data for @isaacs/cliui@https://registry.npmjs.org/@isaacs/cliui/-/cliui-8.0.2.tgz. Extracting by manifest.
2108 silly tarball no local data for shebang-command@https://registry.npmjs.org/shebang-command/-/shebang-command-2.0.0.tgz. Extracting by manifest.
2109 silly tarball no local data for string-width-cjs@https://registry.npmjs.org/string-width/-/string-width-4.2.3.tgz. Extracting by manifest.
2110 silly tarball no local data for path-key@https://registry.npmjs.org/path-key/-/path-key-3.1.1.tgz. Extracting by manifest.
2111 silly tarball no local data for signal-exit@https://registry.npmjs.org/signal-exit/-/signal-exit-4.1.0.tgz. Extracting by manifest.
2112 silly tarball no local data for cross-spawn@https://registry.npmjs.org/cross-spawn/-/cross-spawn-7.0.6.tgz. Extracting by manifest.
2113 silly tarball no local data for path-scurry@https://registry.npmjs.org/path-scurry/-/path-scurry-2.0.1.tgz. Extracting by manifest.
2114 silly tarball no local data for package-json-from-dist@https://registry.npmjs.org/package-json-from-dist/-/package-json-from-dist-1.0.1.tgz. Extracting by manifest.
2115 silly tarball no local data for minipass@https://registry.npmjs.org/minipass/-/minipass-7.1.2.tgz. Extracting by manifest.
2116 silly tarball no local data for minimatch@https://registry.npmjs.org/minimatch/-/minimatch-10.1.1.tgz. Extracting by manifest.
2117 silly tarball no local data for jackspeak@https://registry.npmjs.org/jackspeak/-/jackspeak-4.1.1.tgz. Extracting by manifest.
2118 silly tarball no local data for foreground-child@https://registry.npmjs.org/foreground-child/-/foreground-child-3.3.1.tgz. Extracting by manifest.
2119 silly tarball no local data for universalify@https://registry.npmjs.org/universalify/-/universalify-2.0.1.tgz. Extracting by manifest.
2120 silly tarball no local data for jsonfile@https://registry.npmjs.org/jsonfile/-/jsonfile-6.2.0.tgz. Extracting by manifest.
2121 silly tarball no local data for graceful-fs@https://registry.npmjs.org/graceful-fs/-/graceful-fs-4.2.11.tgz. Extracting by manifest.
2122 silly tarball no local data for at-least-node@https://registry.npmjs.org/at-least-node/-/at-least-node-1.0.0.tgz. Extracting by manifest.
2123 silly tarball no local data for jake@https://registry.npmjs.org/jake/-/jake-10.9.4.tgz. Extracting by manifest.
2124 silly tarball no local data for @babel/helper-define-polyfill-provider@https://registry.npmjs.org/@babel/helper-define-polyfill-provider/-/helper-define-polyfill-provider-0.6.5.tgz. Extracting by manifest.
2125 silly tarball no local data for json-schema-traverse@https://registry.npmjs.org/json-schema-traverse/-/json-schema-traverse-1.0.0.tgz. Extracting by manifest.
2126 silly tarball no local data for fast-uri@https://registry.npmjs.org/fast-uri/-/fast-uri-3.1.0.tgz. Extracting by manifest.
2127 silly tarball no local data for ejs@https://registry.npmjs.org/ejs/-/ejs-3.1.10.tgz. Extracting by manifest.
2128 silly tarball no local data for string.prototype.matchall@https://registry.npmjs.org/string.prototype.matchall/-/string.prototype.matchall-4.0.12.tgz. Extracting by manifest.
2129 silly tarball no local data for lodash.debounce@https://registry.npmjs.org/lodash.debounce/-/lodash.debounce-4.0.8.tgz. Extracting by manifest.
2130 silly tarball no local data for terser@https://registry.npmjs.org/terser/-/terser-5.44.1.tgz. Extracting by manifest.
2131 silly tarball no local data for smob@https://registry.npmjs.org/smob/-/smob-1.5.0.tgz. Extracting by manifest.
2132 silly tarball no local data for serialize-javascript@https://registry.npmjs.org/serialize-javascript/-/serialize-javascript-6.0.2.tgz. Extracting by manifest.
2133 silly tarball no local data for deepmerge@https://registry.npmjs.org/deepmerge/-/deepmerge-4.3.1.tgz. Extracting by manifest.
2134 silly tarball no local data for @types/resolve@https://registry.npmjs.org/@types/resolve/-/resolve-1.20.2.tgz. Extracting by manifest.
2135 silly tarball no local data for @rollup/pluginutils@https://registry.npmjs.org/@rollup/pluginutils/-/pluginutils-3.1.0.tgz. Extracting by manifest.
2136 silly tarball no local data for esutils@https://registry.npmjs.org/esutils/-/esutils-2.0.3.tgz. Extracting by manifest.
2137 silly tarball no local data for is-module@https://registry.npmjs.org/is-module/-/is-module-1.0.0.tgz. Extracting by manifest.
2138 silly tarball no local data for @babel/helper-replace-supers@https://registry.npmjs.org/@babel/helper-replace-supers/-/helper-replace-supers-7.27.1.tgz. Extracting by manifest.
2139 silly tarball no local data for @babel/helper-optimise-call-expression@https://registry.npmjs.org/@babel/helper-optimise-call-expression/-/helper-optimise-call-expression-7.27.1.tgz. Extracting by manifest.
2140 silly tarball no local data for @babel/helper-member-expression-to-functions@https://registry.npmjs.org/@babel/helper-member-expression-to-functions/-/helper-member-expression-to-functions-7.28.5.tgz. Extracting by manifest.
2141 silly tarball no local data for @babel/helper-wrap-function@https://registry.npmjs.org/@babel/helper-wrap-function/-/helper-wrap-function-7.28.3.tgz. Extracting by manifest.
2142 silly tarball no local data for regexpu-core@https://registry.npmjs.org/regexpu-core/-/regexpu-core-6.4.0.tgz. Extracting by manifest.
2143 silly tarball no local data for @babel/helper-remap-async-to-generator@https://registry.npmjs.org/@babel/helper-remap-async-to-generator/-/helper-remap-async-to-generator-7.27.1.tgz. Extracting by manifest.
2144 silly tarball no local data for @babel/helper-annotate-as-pure@https://registry.npmjs.org/@babel/helper-annotate-as-pure/-/helper-annotate-as-pure-7.27.3.tgz. Extracting by manifest.
2145 silly tarball no local data for @babel/helper-create-class-features-plugin@https://registry.npmjs.org/@babel/helper-create-class-features-plugin/-/helper-create-class-features-plugin-7.28.5.tgz. Extracting by manifest.
2146 silly tarball no local data for @babel/helper-create-regexp-features-plugin@https://registry.npmjs.org/@babel/helper-create-regexp-features-plugin/-/helper-create-regexp-features-plugin-7.28.5.tgz. Extracting by manifest.
2147 silly tarball no local data for @babel/helper-skip-transparent-expression-wrappers@https://registry.npmjs.org/@babel/helper-skip-transparent-expression-wrappers/-/helper-skip-transparent-expression-wrappers-7.27.1.tgz. Extracting by manifest.
2148 silly tarball no local data for core-js-compat@https://registry.npmjs.org/core-js-compat/-/core-js-compat-3.47.0.tgz. Extracting by manifest.
2149 silly tarball no local data for babel-plugin-polyfill-regenerator@https://registry.npmjs.org/babel-plugin-polyfill-regenerator/-/babel-plugin-polyfill-regenerator-0.6.5.tgz. Extracting by manifest.
2150 silly tarball no local data for babel-plugin-polyfill-corejs3@https://registry.npmjs.org/babel-plugin-polyfill-corejs3/-/babel-plugin-polyfill-corejs3-0.13.0.tgz. Extracting by manifest.
2151 silly tarball no local data for babel-plugin-polyfill-corejs2@https://registry.npmjs.org/babel-plugin-polyfill-corejs2/-/babel-plugin-polyfill-corejs2-0.4.14.tgz. Extracting by manifest.
2152 silly tarball no local data for @babel/preset-modules@https://registry.npmjs.org/@babel/preset-modules/-/preset-modules-0.1.6-no-external-plugins.tgz. Extracting by manifest.
2153 silly tarball no local data for @babel/plugin-transform-unicode-sets-regex@https://registry.npmjs.org/@babel/plugin-transform-unicode-sets-regex/-/plugin-transform-unicode-sets-regex-7.27.1.tgz. Extracting by manifest.
2154 silly tarball no local data for @babel/plugin-transform-unicode-regex@https://registry.npmjs.org/@babel/plugin-transform-unicode-regex/-/plugin-transform-unicode-regex-7.27.1.tgz. Extracting by manifest.
2155 silly tarball no local data for @babel/plugin-transform-unicode-property-regex@https://registry.npmjs.org/@babel/plugin-transform-unicode-property-regex/-/plugin-transform-unicode-property-regex-7.27.1.tgz. Extracting by manifest.
2156 silly tarball no local data for @babel/plugin-transform-unicode-escapes@https://registry.npmjs.org/@babel/plugin-transform-unicode-escapes/-/plugin-transform-unicode-escapes-7.27.1.tgz. Extracting by manifest.
2157 silly tarball no local data for @babel/plugin-transform-typeof-symbol@https://registry.npmjs.org/@babel/plugin-transform-typeof-symbol/-/plugin-transform-typeof-symbol-7.27.1.tgz. Extracting by manifest.
2158 silly tarball no local data for @babel/plugin-transform-template-literals@https://registry.npmjs.org/@babel/plugin-transform-template-literals/-/plugin-transform-template-literals-7.27.1.tgz. Extracting by manifest.
2159 silly tarball no local data for @babel/plugin-transform-sticky-regex@https://registry.npmjs.org/@babel/plugin-transform-sticky-regex/-/plugin-transform-sticky-regex-7.27.1.tgz. Extracting by manifest.
2160 silly tarball no local data for @babel/plugin-transform-spread@https://registry.npmjs.org/@babel/plugin-transform-spread/-/plugin-transform-spread-7.27.1.tgz. Extracting by manifest.
2161 silly tarball no local data for @babel/plugin-transform-shorthand-properties@https://registry.npmjs.org/@babel/plugin-transform-shorthand-properties/-/plugin-transform-shorthand-properties-7.27.1.tgz. Extracting by manifest.
2162 silly tarball no local data for @babel/plugin-transform-reserved-words@https://registry.npmjs.org/@babel/plugin-transform-reserved-words/-/plugin-transform-reserved-words-7.27.1.tgz. Extracting by manifest.
2163 silly tarball no local data for @babel/plugin-transform-regexp-modifiers@https://registry.npmjs.org/@babel/plugin-transform-regexp-modifiers/-/plugin-transform-regexp-modifiers-7.27.1.tgz. Extracting by manifest.
2164 silly tarball no local data for @babel/plugin-transform-regenerator@https://registry.npmjs.org/@babel/plugin-transform-regenerator/-/plugin-transform-regenerator-7.28.4.tgz. Extracting by manifest.
2165 silly tarball no local data for @babel/plugin-transform-property-literals@https://registry.npmjs.org/@babel/plugin-transform-property-literals/-/plugin-transform-property-literals-7.27.1.tgz. Extracting by manifest.
2166 silly tarball no local data for @babel/plugin-transform-private-property-in-object@https://registry.npmjs.org/@babel/plugin-transform-private-property-in-object/-/plugin-transform-private-property-in-object-7.27.1.tgz. Extracting by manifest.
2167 silly tarball no local data for @babel/plugin-transform-private-methods@https://registry.npmjs.org/@babel/plugin-transform-private-methods/-/plugin-transform-private-methods-7.27.1.tgz. Extracting by manifest.
2168 silly tarball no local data for @babel/plugin-transform-parameters@https://registry.npmjs.org/@babel/plugin-transform-parameters/-/plugin-transform-parameters-7.27.7.tgz. Extracting by manifest.
2169 silly tarball no local data for @babel/plugin-transform-optional-chaining@https://registry.npmjs.org/@babel/plugin-transform-optional-chaining/-/plugin-transform-optional-chaining-7.28.5.tgz. Extracting by manifest.
2170 silly tarball no local data for @babel/plugin-transform-optional-catch-binding@https://registry.npmjs.org/@babel/plugin-transform-optional-catch-binding/-/plugin-transform-optional-catch-binding-7.27.1.tgz. Extracting by manifest.
2171 silly tarball no local data for @babel/plugin-transform-object-rest-spread@https://registry.npmjs.org/@babel/plugin-transform-object-rest-spread/-/plugin-transform-object-rest-spread-7.28.4.tgz. Extracting by manifest.
2172 silly tarball no local data for @babel/plugin-transform-object-super@https://registry.npmjs.org/@babel/plugin-transform-object-super/-/plugin-transform-object-super-7.27.1.tgz. Extracting by manifest.
2173 silly tarball no local data for @babel/plugin-transform-numeric-separator@https://registry.npmjs.org/@babel/plugin-transform-numeric-separator/-/plugin-transform-numeric-separator-7.27.1.tgz. Extracting by manifest.
2174 silly tarball no local data for @babel/plugin-transform-nullish-coalescing-operator@https://registry.npmjs.org/@babel/plugin-transform-nullish-coalescing-operator/-/plugin-transform-nullish-coalescing-operator-7.27.1.tgz. Extracting by manifest.
2175 silly tarball no local data for @babel/plugin-transform-new-target@https://registry.npmjs.org/@babel/plugin-transform-new-target/-/plugin-transform-new-target-7.27.1.tgz. Extracting by manifest.
2176 silly tarball no local data for @babel/plugin-transform-named-capturing-groups-regex@https://registry.npmjs.org/@babel/plugin-transform-named-capturing-groups-regex/-/plugin-transform-named-capturing-groups-regex-7.27.1.tgz. Extracting by manifest.
2177 silly tarball no local data for @babel/plugin-transform-modules-umd@https://registry.npmjs.org/@babel/plugin-transform-modules-umd/-/plugin-transform-modules-umd-7.27.1.tgz. Extracting by manifest.
2178 silly tarball no local data for @babel/plugin-transform-modules-commonjs@https://registry.npmjs.org/@babel/plugin-transform-modules-commonjs/-/plugin-transform-modules-commonjs-7.27.1.tgz. Extracting by manifest.
2179 silly tarball no local data for @babel/plugin-transform-modules-amd@https://registry.npmjs.org/@babel/plugin-transform-modules-amd/-/plugin-transform-modules-amd-7.27.1.tgz. Extracting by manifest.
2180 silly tarball no local data for @babel/plugin-transform-logical-assignment-operators@https://registry.npmjs.org/@babel/plugin-transform-logical-assignment-operators/-/plugin-transform-logical-assignment-operators-7.28.5.tgz. Extracting by manifest.
2181 silly tarball no local data for @babel/plugin-transform-literals@https://registry.npmjs.org/@babel/plugin-transform-literals/-/plugin-transform-literals-7.27.1.tgz. Extracting by manifest.
2182 silly tarball no local data for @babel/plugin-transform-member-expression-literals@https://registry.npmjs.org/@babel/plugin-transform-member-expression-literals/-/plugin-transform-member-expression-literals-7.27.1.tgz. Extracting by manifest.
2183 silly tarball no local data for @babel/plugin-transform-json-strings@https://registry.npmjs.org/@babel/plugin-transform-json-strings/-/plugin-transform-json-strings-7.27.1.tgz. Extracting by manifest.
2184 silly tarball no local data for @babel/plugin-transform-function-name@https://registry.npmjs.org/@babel/plugin-transform-function-name/-/plugin-transform-function-name-7.27.1.tgz. Extracting by manifest.
2185 silly tarball no local data for @babel/plugin-transform-for-of@https://registry.npmjs.org/@babel/plugin-transform-for-of/-/plugin-transform-for-of-7.27.1.tgz. Extracting by manifest.
2186 silly tarball no local data for @babel/plugin-transform-export-namespace-from@https://registry.npmjs.org/@babel/plugin-transform-export-namespace-from/-/plugin-transform-export-namespace-from-7.27.1.tgz. Extracting by manifest.
2187 silly tarball no local data for @babel/plugin-transform-explicit-resource-management@https://registry.npmjs.org/@babel/plugin-transform-explicit-resource-management/-/plugin-transform-explicit-resource-management-7.28.0.tgz. Extracting by manifest.
2188 silly tarball no local data for @babel/plugin-transform-exponentiation-operator@https://registry.npmjs.org/@babel/plugin-transform-exponentiation-operator/-/plugin-transform-exponentiation-operator-7.28.5.tgz. Extracting by manifest.
2189 silly tarball no local data for @babel/plugin-transform-dynamic-import@https://registry.npmjs.org/@babel/plugin-transform-dynamic-import/-/plugin-transform-dynamic-import-7.27.1.tgz. Extracting by manifest.
2190 silly tarball no local data for @babel/plugin-transform-duplicate-keys@https://registry.npmjs.org/@babel/plugin-transform-duplicate-keys/-/plugin-transform-duplicate-keys-7.27.1.tgz. Extracting by manifest.
2191 silly tarball no local data for @babel/plugin-transform-duplicate-named-capturing-groups-regex@https://registry.npmjs.org/@babel/plugin-transform-duplicate-named-capturing-groups-regex/-/plugin-transform-duplicate-named-capturing-groups-regex-7.27.1.tgz. Extracting by manifest.
2192 silly tarball no local data for @babel/plugin-transform-modules-systemjs@https://registry.npmjs.org/@babel/plugin-transform-modules-systemjs/-/plugin-transform-modules-systemjs-7.28.5.tgz. Extracting by manifest.
2193 silly tarball no local data for @babel/plugin-transform-dotall-regex@https://registry.npmjs.org/@babel/plugin-transform-dotall-regex/-/plugin-transform-dotall-regex-7.27.1.tgz. Extracting by manifest.
2194 silly tarball no local data for @babel/plugin-transform-destructuring@https://registry.npmjs.org/@babel/plugin-transform-destructuring/-/plugin-transform-destructuring-7.28.5.tgz. Extracting by manifest.
2195 silly tarball no local data for @babel/plugin-transform-computed-properties@https://registry.npmjs.org/@babel/plugin-transform-computed-properties/-/plugin-transform-computed-properties-7.27.1.tgz. Extracting by manifest.
2196 silly tarball no local data for @babel/plugin-transform-class-static-block@https://registry.npmjs.org/@babel/plugin-transform-class-static-block/-/plugin-transform-class-static-block-7.28.3.tgz. Extracting by manifest.
2197 silly tarball no local data for @babel/plugin-transform-class-properties@https://registry.npmjs.org/@babel/plugin-transform-class-properties/-/plugin-transform-class-properties-7.27.1.tgz. Extracting by manifest.
2198 silly tarball no local data for @babel/plugin-transform-block-scoping@https://registry.npmjs.org/@babel/plugin-transform-block-scoping/-/plugin-transform-block-scoping-7.28.5.tgz. Extracting by manifest.
2199 silly tarball no local data for @babel/plugin-transform-block-scoped-functions@https://registry.npmjs.org/@babel/plugin-transform-block-scoped-functions/-/plugin-transform-block-scoped-functions-7.27.1.tgz. Extracting by manifest.
2200 silly tarball no local data for @babel/plugin-transform-async-to-generator@https://registry.npmjs.org/@babel/plugin-transform-async-to-generator/-/plugin-transform-async-to-generator-7.27.1.tgz. Extracting by manifest.
2201 silly tarball no local data for @babel/plugin-transform-arrow-functions@https://registry.npmjs.org/@babel/plugin-transform-arrow-functions/-/plugin-transform-arrow-functions-7.27.1.tgz. Extracting by manifest.
2202 silly tarball no local data for @babel/plugin-transform-async-generator-functions@https://registry.npmjs.org/@babel/plugin-transform-async-generator-functions/-/plugin-transform-async-generator-functions-7.28.0.tgz. Extracting by manifest.
2203 silly tarball no local data for @babel/plugin-syntax-unicode-sets-regex@https://registry.npmjs.org/@babel/plugin-syntax-unicode-sets-regex/-/plugin-syntax-unicode-sets-regex-7.18.6.tgz. Extracting by manifest.
2204 silly tarball no local data for @babel/plugin-transform-classes@https://registry.npmjs.org/@babel/plugin-transform-classes/-/plugin-transform-classes-7.28.4.tgz. Extracting by manifest.
2205 silly tarball no local data for @babel/plugin-syntax-import-assertions@https://registry.npmjs.org/@babel/plugin-syntax-import-assertions/-/plugin-syntax-import-assertions-7.27.1.tgz. Extracting by manifest.
2206 silly tarball no local data for @babel/plugin-syntax-import-attributes@https://registry.npmjs.org/@babel/plugin-syntax-import-attributes/-/plugin-syntax-import-attributes-7.27.1.tgz. Extracting by manifest.
2207 silly tarball no local data for @babel/plugin-proposal-private-property-in-object@https://registry.npmjs.org/@babel/plugin-proposal-private-property-in-object/-/plugin-proposal-private-property-in-object-7.21.0-placeholder-for-preset-env.2.tgz. Extracting by manifest.
2208 silly tarball no local data for @babel/plugin-bugfix-v8-static-class-fields-redefine-readonly@https://registry.npmjs.org/@babel/plugin-bugfix-v8-static-class-fields-redefine-readonly/-/plugin-bugfix-v8-static-class-fields-redefine-readonly-7.28.3.tgz. Extracting by manifest.
2209 silly tarball no local data for @babel/plugin-bugfix-safari-id-destructuring-collision-in-function-expression@https://registry.npmjs.org/@babel/plugin-bugfix-safari-id-destructuring-collision-in-function-expression/-/plugin-bugfix-safari-id-destructuring-collision-in-function-expression-7.27.1.tgz. Extracting by manifest.
2210 silly tarball no local data for @babel/plugin-bugfix-firefox-class-in-computed-class-key@https://registry.npmjs.org/@babel/plugin-bugfix-firefox-class-in-computed-class-key/-/plugin-bugfix-firefox-class-in-computed-class-key-7.28.5.tgz. Extracting by manifest.
2211 silly tarball no local data for @babel/plugin-bugfix-safari-class-field-initializer-scope@https://registry.npmjs.org/@babel/plugin-bugfix-safari-class-field-initializer-scope/-/plugin-bugfix-safari-class-field-initializer-scope-7.27.1.tgz. Extracting by manifest.
2212 silly tarball no local data for @babel/plugin-bugfix-v8-spread-parameters-in-optional-chaining@https://registry.npmjs.org/@babel/plugin-bugfix-v8-spread-parameters-in-optional-chaining/-/plugin-bugfix-v8-spread-parameters-in-optional-chaining-7.27.1.tgz. Extracting by manifest.
2213 silly tarball no local data for jsonpointer@https://registry.npmjs.org/jsonpointer/-/jsonpointer-5.0.1.tgz. Extracting by manifest.
2214 silly tarball no local data for json-schema@https://registry.npmjs.org/json-schema/-/json-schema-0.4.0.tgz. Extracting by manifest.
2215 silly tarball no local data for leven@https://registry.npmjs.org/leven/-/leven-3.1.0.tgz. Extracting by manifest.
2216 silly tarball no local data for workbox-sw@https://registry.npmjs.org/workbox-sw/-/workbox-sw-7.4.0.tgz. Extracting by manifest.
2217 silly tarball no local data for workbox-streams@https://registry.npmjs.org/workbox-streams/-/workbox-streams-7.4.0.tgz. Extracting by manifest.
2218 silly tarball no local data for workbox-routing@https://registry.npmjs.org/workbox-routing/-/workbox-routing-7.4.0.tgz. Extracting by manifest.
2219 silly tarball no local data for workbox-recipes@https://registry.npmjs.org/workbox-recipes/-/workbox-recipes-7.4.0.tgz. Extracting by manifest.
2220 silly tarball no local data for workbox-range-requests@https://registry.npmjs.org/workbox-range-requests/-/workbox-range-requests-7.4.0.tgz. Extracting by manifest.
2221 silly tarball no local data for workbox-precaching@https://registry.npmjs.org/workbox-precaching/-/workbox-precaching-7.4.0.tgz. Extracting by manifest.
2222 silly tarball no local data for workbox-navigation-preload@https://registry.npmjs.org/workbox-navigation-preload/-/workbox-navigation-preload-7.4.0.tgz. Extracting by manifest.
2223 silly tarball no local data for workbox-google-analytics@https://registry.npmjs.org/workbox-google-analytics/-/workbox-google-analytics-7.4.0.tgz. Extracting by manifest.
2224 silly tarball no local data for workbox-expiration@https://registry.npmjs.org/workbox-expiration/-/workbox-expiration-7.4.0.tgz. Extracting by manifest.
2225 silly tarball no local data for workbox-core@https://registry.npmjs.org/workbox-core/-/workbox-core-7.4.0.tgz. Extracting by manifest.
2226 silly tarball no local data for workbox-cacheable-response@https://registry.npmjs.org/workbox-cacheable-response/-/workbox-cacheable-response-7.4.0.tgz. Extracting by manifest.
2227 silly tarball no local data for workbox-broadcast-update@https://registry.npmjs.org/workbox-broadcast-update/-/workbox-broadcast-update-7.4.0.tgz. Extracting by manifest.
2228 silly tarball no local data for workbox-background-sync@https://registry.npmjs.org/workbox-background-sync/-/workbox-background-sync-7.4.0.tgz. Extracting by manifest.
2229 silly tarball no local data for upath@https://registry.npmjs.org/upath/-/upath-1.2.0.tgz. Extracting by manifest.
2230 silly tarball no local data for workbox-strategies@https://registry.npmjs.org/workbox-strategies/-/workbox-strategies-7.4.0.tgz. Extracting by manifest.
2231 silly tarball no local data for tempy@https://registry.npmjs.org/tempy/-/tempy-0.6.0.tgz. Extracting by manifest.
2232 silly tarball no local data for strip-comments@https://registry.npmjs.org/strip-comments/-/strip-comments-2.0.1.tgz. Extracting by manifest.
2233 silly tarball no local data for stringify-object@https://registry.npmjs.org/stringify-object/-/stringify-object-3.3.0.tgz. Extracting by manifest.
2234 silly tarball no local data for glob@https://registry.npmjs.org/glob/-/glob-11.1.0.tgz. Extracting by manifest.
2235 silly tarball no local data for fs-extra@https://registry.npmjs.org/fs-extra/-/fs-extra-9.1.0.tgz. Extracting by manifest.
2236 silly tarball no local data for lodash@https://registry.npmjs.org/lodash/-/lodash-4.17.21.tgz. Extracting by manifest.
2237 silly tarball no local data for fast-json-stable-stringify@https://registry.npmjs.org/fast-json-stable-stringify/-/fast-json-stable-stringify-2.1.0.tgz. Extracting by manifest.
2238 silly tarball no local data for ajv@https://registry.npmjs.org/ajv/-/ajv-8.17.1.tgz. Extracting by manifest.
2239 silly tarball no local data for common-tags@https://registry.npmjs.org/common-tags/-/common-tags-1.8.2.tgz. Extracting by manifest.
2240 silly tarball no local data for source-map@https://registry.npmjs.org/source-map/-/source-map-0.8.0-beta.0.tgz. Extracting by manifest.
2241 silly tarball no local data for @rollup/plugin-terser@https://registry.npmjs.org/@rollup/plugin-terser/-/plugin-terser-0.4.4.tgz. Extracting by manifest.
2242 silly tarball no local data for @rollup/plugin-babel@https://registry.npmjs.org/@rollup/plugin-babel/-/plugin-babel-5.3.1.tgz. Extracting by manifest.
2243 silly tarball no local data for @surma/rollup-plugin-off-main-thread@https://registry.npmjs.org/@surma/rollup-plugin-off-main-thread/-/rollup-plugin-off-main-thread-2.2.3.tgz. Extracting by manifest.
2244 silly tarball no local data for @rollup/plugin-node-resolve@https://registry.npmjs.org/@rollup/plugin-node-resolve/-/plugin-node-resolve-15.3.1.tgz. Extracting by manifest.
2245 silly tarball no local data for @babel/preset-env@https://registry.npmjs.org/@babel/preset-env/-/preset-env-7.28.5.tgz. Extracting by manifest.
2246 silly tarball no local data for @apideck/better-ajv-errors@https://registry.npmjs.org/@apideck/better-ajv-errors/-/better-ajv-errors-0.3.6.tgz. Extracting by manifest.
2247 silly tarball no local data for @rollup/plugin-replace@https://registry.npmjs.org/@rollup/plugin-replace/-/plugin-replace-2.4.2.tgz. Extracting by manifest.
2248 silly tarball no local data for pretty-bytes@https://registry.npmjs.org/pretty-bytes/-/pretty-bytes-6.1.1.tgz. Extracting by manifest.
2249 silly tarball no local data for wgsl_reflect@https://registry.npmjs.org/wgsl_reflect/-/wgsl_reflect-1.2.3.tgz. Extracting by manifest.
2250 silly tarball no local data for @loaders.gl/worker-utils@https://registry.npmjs.org/@loaders.gl/worker-utils/-/worker-utils-4.3.4.tgz. Extracting by manifest.
2251 silly tarball no local data for @math.gl/polygon@https://registry.npmjs.org/@math.gl/polygon/-/polygon-4.1.0.tgz. Extracting by manifest.
2252 silly tarball no local data for @loaders.gl/loader-utils@https://registry.npmjs.org/@loaders.gl/loader-utils/-/loader-utils-4.3.4.tgz. Extracting by manifest.
2253 silly tarball no local data for @loaders.gl/schema@https://registry.npmjs.org/@loaders.gl/schema/-/schema-4.3.4.tgz. Extracting by manifest.
2254 silly tarball no local data for workbox-build@https://registry.npmjs.org/workbox-build/-/workbox-build-7.4.0.tgz. Extracting by manifest.
2255 silly tarball no local data for mjolnir.js@https://registry.npmjs.org/mjolnir.js/-/mjolnir.js-3.0.0.tgz. Extracting by manifest.
2256 silly tarball no local data for @probe.gl/stats@https://registry.npmjs.org/@probe.gl/stats/-/stats-4.1.0.tgz. Extracting by manifest.
2257 silly tarball no local data for @probe.gl/log@https://registry.npmjs.org/@probe.gl/log/-/log-4.1.0.tgz. Extracting by manifest.
2258 silly tarball no local data for @math.gl/sun@https://registry.npmjs.org/@math.gl/sun/-/sun-4.1.0.tgz. Extracting by manifest.
2259 silly tarball no local data for @math.gl/types@https://registry.npmjs.org/@math.gl/types/-/types-4.1.0.tgz. Extracting by manifest.
2260 silly tarball no local data for @luma.gl/webgl@https://registry.npmjs.org/@luma.gl/webgl/-/webgl-9.2.5.tgz. Extracting by manifest.
2261 silly tarball no local data for @luma.gl/engine@https://registry.npmjs.org/@luma.gl/engine/-/engine-9.2.5.tgz. Extracting by manifest.
2262 silly tarball no local data for @luma.gl/core@https://registry.npmjs.org/@luma.gl/core/-/core-9.2.5.tgz. Extracting by manifest.
2263 silly tarball no local data for @loaders.gl/images@https://registry.npmjs.org/@loaders.gl/images/-/images-4.3.4.tgz. Extracting by manifest.
2264 silly tarball no local data for @probe.gl/env@https://registry.npmjs.org/@probe.gl/env/-/env-4.1.0.tgz. Extracting by manifest.
2265 silly tarball no local data for @loaders.gl/core@https://registry.npmjs.org/@loaders.gl/core/-/core-4.3.4.tgz. Extracting by manifest.
2266 silly tarball no local data for @math.gl/web-mercator@https://registry.npmjs.org/@math.gl/web-mercator/-/web-mercator-4.1.0.tgz. Extracting by manifest.
2267 silly tarball no local data for d3-hexbin@https://registry.npmjs.org/d3-hexbin/-/d3-hexbin-0.2.2.tgz. Extracting by manifest.
2268 silly tarball no local data for @luma.gl/constants@https://registry.npmjs.org/@luma.gl/constants/-/constants-9.2.5.tgz. Extracting by manifest.
2269 silly tarball no local data for @luma.gl/shadertools@https://registry.npmjs.org/@luma.gl/shadertools/-/shadertools-9.2.5.tgz. Extracting by manifest.
2270 silly tarball no local data for workbox-window@https://registry.npmjs.org/workbox-window/-/workbox-window-7.4.0.tgz. Extracting by manifest.
2271 silly tarball no local data for vite-plugin-pwa@https://registry.npmjs.org/vite-plugin-pwa/-/vite-plugin-pwa-1.2.0.tgz. Extracting by manifest.
2272 silly tarball no local data for @deck.gl/react@https://registry.npmjs.org/@deck.gl/react/-/react-9.2.5.tgz. Extracting by manifest.
2273 silly tarball no local data for @deck.gl/layers@https://registry.npmjs.org/@deck.gl/layers/-/layers-9.2.5.tgz. Extracting by manifest.
2274 silly tarball no local data for @math.gl/core@https://registry.npmjs.org/@math.gl/core/-/core-4.1.0.tgz. Extracting by manifest.
2275 silly tarball no local data for @deck.gl/aggregation-layers@https://registry.npmjs.org/@deck.gl/aggregation-layers/-/aggregation-layers-9.2.5.tgz. Extracting by manifest.
2276 silly tarball no local data for @deck.gl/core@https://registry.npmjs.org/@deck.gl/core/-/core-9.2.5.tgz. Extracting by manifest.
2277 silly tarball no local data for isarray@https://registry.npmjs.org/isarray/-/isarray-2.0.5.tgz. Extracting by manifest.
2278 silly tarball no local data for isarray@https://registry.npmjs.org/isarray/-/isarray-2.0.5.tgz. Extracting by manifest.
2279 silly tarball no local data for isarray@https://registry.npmjs.org/isarray/-/isarray-2.0.5.tgz. Extracting by manifest.
2280 silly tarball no local data for minimatch@https://registry.npmjs.org/minimatch/-/minimatch-5.1.6.tgz. Extracting by manifest.
2281 silly tarball no local data for ansi-styles@https://registry.npmjs.org/ansi-styles/-/ansi-styles-6.2.3.tgz. Extracting by manifest.
2282 silly tarball no local data for ansi-regex@https://registry.npmjs.org/ansi-regex/-/ansi-regex-6.2.2.tgz. Extracting by manifest.
2283 silly tarball no local data for wrap-ansi@https://registry.npmjs.org/wrap-ansi/-/wrap-ansi-8.1.0.tgz. Extracting by manifest.
2284 silly tarball no local data for string-width@https://registry.npmjs.org/string-width/-/string-width-5.1.2.tgz. Extracting by manifest.
2285 silly tarball no local data for strip-ansi@https://registry.npmjs.org/strip-ansi/-/strip-ansi-7.1.2.tgz. Extracting by manifest.
2286 silly tarball no local data for source-map@https://registry.npmjs.org/source-map/-/source-map-0.6.1.tgz. Extracting by manifest.
2287 silly tarball no local data for emoji-regex@https://registry.npmjs.org/emoji-regex/-/emoji-regex-9.2.2.tgz. Extracting by manifest.
2288 silly tarball no local data for lru-cache@https://registry.npmjs.org/lru-cache/-/lru-cache-11.2.4.tgz. Extracting by manifest.
2289 silly tarball no local data for commander@https://registry.npmjs.org/commander/-/commander-2.20.3.tgz. Extracting by manifest.
2290 silly tarball no local data for estree-walker@https://registry.npmjs.org/estree-walker/-/estree-walker-1.0.1.tgz. Extracting by manifest.
2291 silly tarball no local data for @types/estree@https://registry.npmjs.org/@types/estree/-/estree-0.0.39.tgz. Extracting by manifest.
2292 silly tarball no local data for isexe@https://registry.npmjs.org/isexe/-/isexe-2.0.0.tgz. Extracting by manifest.
2293 silly tarball no local data for webidl-conversions@https://registry.npmjs.org/webidl-conversions/-/webidl-conversions-4.0.2.tgz. Extracting by manifest.
2294 silly tarball no local data for whatwg-url@https://registry.npmjs.org/whatwg-url/-/whatwg-url-7.1.0.tgz. Extracting by manifest.
2295 silly tarball no local data for tr46@https://registry.npmjs.org/tr46/-/tr46-1.0.1.tgz. Extracting by manifest.
2296 silly tarball no local data for magic-string@https://registry.npmjs.org/magic-string/-/magic-string-0.25.9.tgz. Extracting by manifest.
2297 silly tarball no local data for magic-string@https://registry.npmjs.org/magic-string/-/magic-string-0.25.9.tgz. Extracting by manifest.
2298 silly tarball no local data for picomatch@https://registry.npmjs.org/picomatch/-/picomatch-4.0.3.tgz. Extracting by manifest.
2299 silly tarball no local data for which@https://registry.npmjs.org/which/-/which-2.0.2.tgz. Extracting by manifest.
2300 silly tarball no local data for estree-walker@https://registry.npmjs.org/estree-walker/-/estree-walker-2.0.2.tgz. Extracting by manifest.
2301 silly tarball no local data for rollup@https://registry.npmjs.org/rollup/-/rollup-2.79.2.tgz. Extracting by manifest.
2302 silly tarball no local data for @types/offscreencanvas@https://registry.npmjs.org/@types/offscreencanvas/-/offscreencanvas-2019.7.3.tgz. Extracting by manifest.
2303 silly tarball no local data for earcut@https://registry.npmjs.org/earcut/-/earcut-2.2.4.tgz. Extracting by manifest.
2304 silly tarball no local data for @rollup/pluginutils@https://registry.npmjs.org/@rollup/pluginutils/-/pluginutils-5.3.0.tgz. Extracting by manifest.
2305 silly tarball no local data for @types/offscreencanvas@https://registry.npmjs.org/@types/offscreencanvas/-/offscreencanvas-2019.7.3.tgz. Extracting by manifest.
2306 silly tarball no local data for pretty-bytes@https://registry.npmjs.org/pretty-bytes/-/pretty-bytes-5.6.0.tgz. Extracting by manifest.
2307 http fetch GET 200 https://registry.npmjs.org/lodash.sortby/-/lodash.sortby-4.7.0.tgz 85ms (cache miss)
2308 http fetch GET 200 https://registry.npmjs.org/eastasianwidth/-/eastasianwidth-0.2.0.tgz 95ms (cache miss)
2309 http fetch GET 200 https://registry.npmjs.org/balanced-match/-/balanced-match-1.0.2.tgz 99ms (cache miss)
2310 http fetch POST 200 https://registry.npmjs.org/-/npm/v1/security/advisories/bulk 135ms
2311 silly audit report {
2311 silly audit report   esbuild: [
2311 silly audit report     {
2311 silly audit report       id: 1102341,
2311 silly audit report       url: 'https://github.com/advisories/GHSA-67mh-4wv8-2f99',
2311 silly audit report       title: 'esbuild enables any website to send any requests to the development server and read the response',
2311 silly audit report       severity: 'moderate',
2311 silly audit report       vulnerable_versions: '<=0.24.2',
2311 silly audit report       cwe: [Array],
2311 silly audit report       cvss: [Object]
2311 silly audit report     }
2311 silly audit report   ]
2311 silly audit report }
2312 silly packumentCache corgi:https://registry.npmjs.org/esbuild cache-miss
2313 http fetch GET 200 https://registry.npmjs.org/sourcemap-codec/-/sourcemap-codec-1.4.8.tgz 112ms (cache miss)
2314 warn deprecated sourcemap-codec@1.4.8: Please use @jridgewell/sourcemap-codec instead
2315 http fetch GET 200 https://registry.npmjs.org/idb/-/idb-7.1.1.tgz 113ms (cache miss)
2316 http fetch GET 200 https://registry.npmjs.org/is-boolean-object/-/is-boolean-object-1.2.2.tgz 131ms (cache miss)
2317 http fetch GET 200 https://registry.npmjs.org/crypto-random-string/-/crypto-random-string-2.0.0.tgz 133ms (cache miss)
2318 http fetch GET 200 https://registry.npmjs.org/brace-expansion/-/brace-expansion-2.0.2.tgz 136ms (cache miss)
2319 http fetch GET 200 https://registry.npmjs.org/is-number-object/-/is-number-object-1.1.1.tgz 143ms (cache miss)
2320 http fetch GET 200 https://registry.npmjs.org/is-bigint/-/is-bigint-1.1.0.tgz 145ms (cache miss)
2321 http fetch GET 200 https://registry.npmjs.org/unicode-canonical-property-names-ecmascript/-/unicode-canonical-property-names-ecmascript-2.0.1.tgz 160ms (cache miss)
2322 http fetch GET 200 https://registry.npmjs.org/is-map/-/is-map-2.0.3.tgz 174ms (cache miss)
2323 http fetch GET 200 https://registry.npmjs.org/is-finalizationregistry/-/is-finalizationregistry-1.1.1.tgz 174ms (cache miss)
2324 http fetch GET 200 https://registry.npmjs.org/has-bigints/-/has-bigints-1.1.0.tgz 176ms (cache miss)
2325 http fetch GET 200 https://registry.npmjs.org/which-collection/-/which-collection-1.0.2.tgz 178ms (cache miss)
2326 http fetch GET 200 https://registry.npmjs.org/is-weakmap/-/is-weakmap-2.0.2.tgz 179ms (cache miss)
2327 http fetch GET 200 https://registry.npmjs.org/reflect.getprototypeof/-/reflect.getprototypeof-1.0.10.tgz 188ms (cache miss)
2328 http fetch GET 200 https://registry.npmjs.org/async-function/-/async-function-1.0.0.tgz 191ms (cache miss)
2329 http fetch GET 200 https://registry.npmjs.org/generator-function/-/generator-function-2.0.1.tgz 192ms (cache miss)
2330 http fetch GET 200 https://registry.npmjs.org/is-generator-function/-/is-generator-function-1.1.2.tgz 192ms (cache miss)
2331 http fetch GET 200 https://registry.npmjs.org/is-weakset/-/is-weakset-2.0.4.tgz 198ms (cache miss)
2332 http fetch GET 200 https://registry.npmjs.org/is-async-function/-/is-async-function-2.1.1.tgz 200ms (cache miss)
2333 http fetch GET 200 https://registry.npmjs.org/unicode-property-aliases-ecmascript/-/unicode-property-aliases-ecmascript-2.2.0.tgz 214ms (cache miss)
2334 http fetch GET 200 https://registry.npmjs.org/which-boxed-primitive/-/which-boxed-primitive-1.1.1.tgz 214ms (cache miss)
2335 http fetch GET 200 https://registry.npmjs.org/source-map-support/-/source-map-support-0.5.21.tgz 220ms (cache miss)
2336 http fetch GET 200 https://registry.npmjs.org/buffer-from/-/buffer-from-1.1.2.tgz 220ms (cache miss)
2337 http fetch GET 200 https://registry.npmjs.org/which-builtin-type/-/which-builtin-type-1.2.1.tgz 221ms (cache miss)
2338 http fetch GET 200 https://registry.npmjs.org/unique-string/-/unique-string-2.0.0.tgz 223ms (cache miss)
2339 http fetch GET 200 https://registry.npmjs.org/for-each/-/for-each-0.3.5.tgz 235ms (cache miss)
2340 http fetch GET 200 https://registry.npmjs.org/is-stream/-/is-stream-2.0.1.tgz 237ms (cache miss)
2341 http fetch GET 200 https://registry.npmjs.org/type-fest/-/type-fest-0.16.0.tgz 239ms (cache miss)
2342 http fetch GET 200 https://registry.npmjs.org/temp-dir/-/temp-dir-2.0.0.tgz 249ms (cache miss)
2343 http fetch GET 200 https://registry.npmjs.org/is-regexp/-/is-regexp-1.0.0.tgz 248ms (cache miss)
2344 http fetch GET 200 https://registry.npmjs.org/is-obj/-/is-obj-1.0.1.tgz 248ms (cache miss)
2345 http fetch GET 200 https://registry.npmjs.org/acorn/-/acorn-8.15.0.tgz 249ms (cache miss)
2346 http fetch GET 200 https://registry.npmjs.org/@jridgewell/source-map/-/source-map-0.3.11.tgz 250ms (cache miss)
2347 http fetch GET 200 https://registry.npmjs.org/side-channel-weakmap/-/side-channel-weakmap-1.0.2.tgz 257ms (cache miss)
2348 http fetch GET 200 https://registry.npmjs.org/side-channel-map/-/side-channel-map-1.0.1.tgz 257ms (cache miss)
2349 http fetch GET 200 https://registry.npmjs.org/side-channel-list/-/side-channel-list-1.0.0.tgz 263ms (cache miss)
2350 http fetch GET 200 https://registry.npmjs.org/is-symbol/-/is-symbol-1.1.1.tgz 271ms (cache miss)
2351 http fetch GET 200 https://registry.npmjs.org/is-date-object/-/is-date-object-1.1.0.tgz 271ms (cache miss)
2352 http fetch GET 200 https://registry.npmjs.org/functions-have-names/-/functions-have-names-1.2.3.tgz 272ms (cache miss)
2353 http fetch GET 200 https://registry.npmjs.org/possible-typed-array-names/-/possible-typed-array-names-1.1.0.tgz 289ms (cache miss)
2354 http fetch GET 200 https://registry.npmjs.org/typed-array-byte-length/-/typed-array-byte-length-1.0.3.tgz 292ms (cache miss)
2355 http fetch GET 200 https://registry.npmjs.org/stop-iteration-iterator/-/stop-iteration-iterator-1.1.0.tgz 295ms (cache miss)
2356 http fetch GET 200 https://registry.npmjs.org/unbox-primitive/-/unbox-primitive-1.1.0.tgz 296ms (cache miss)
2357 http fetch GET 200 https://registry.npmjs.org/typed-array-byte-offset/-/typed-array-byte-offset-1.0.4.tgz 297ms (cache miss)
2358 http fetch GET 200 https://registry.npmjs.org/typed-array-length/-/typed-array-length-1.0.7.tgz 297ms (cache miss)
2359 http fetch GET 200 https://registry.npmjs.org/string.prototype.trim/-/string.prototype.trim-1.2.10.tgz 300ms (cache miss)
2360 http fetch GET 200 https://registry.npmjs.org/set-proto/-/set-proto-1.0.0.tgz 305ms (cache miss)
2361 http fetch GET 200 https://registry.npmjs.org/safe-push-apply/-/safe-push-apply-1.0.0.tgz 310ms (cache miss)
2362 http fetch GET 200 https://registry.npmjs.org/typed-array-buffer/-/typed-array-buffer-1.0.3.tgz 311ms (cache miss)
2363 http fetch GET 200 https://registry.npmjs.org/safe-regex-test/-/safe-regex-test-1.1.0.tgz 311ms (cache miss)
2364 http fetch GET 200 https://registry.npmjs.org/string.prototype.trimstart/-/string.prototype.trimstart-1.0.8.tgz 314ms (cache miss)
2365 http fetch GET 200 https://registry.npmjs.org/get-own-enumerable-property-symbols/-/get-own-enumerable-property-symbols-3.0.2.tgz 320ms (cache miss)
2366 http fetch GET 200 https://registry.npmjs.org/which-typed-array/-/which-typed-array-1.1.19.tgz 319ms (cache miss)
2367 http fetch GET 200 https://registry.npmjs.org/safe-array-concat/-/safe-array-concat-1.1.3.tgz 318ms (cache miss)
2368 http fetch GET 200 https://registry.npmjs.org/is-weakref/-/is-weakref-1.1.1.tgz 331ms (cache miss)
2369 http fetch GET 200 https://registry.npmjs.org/own-keys/-/own-keys-1.0.1.tgz 338ms (cache miss)
2370 http fetch GET 200 https://registry.npmjs.org/object.assign/-/object.assign-4.1.7.tgz 338ms (cache miss)
2371 http fetch GET 200 https://registry.npmjs.org/is-shared-array-buffer/-/is-shared-array-buffer-1.0.4.tgz 349ms (cache miss)
2372 http fetch GET 200 https://registry.npmjs.org/is-set/-/is-set-2.0.3.tgz 349ms (cache miss)
2373 http fetch GET 200 https://registry.npmjs.org/is-callable/-/is-callable-1.2.7.tgz 356ms (cache miss)
2374 http fetch GET 200 https://registry.npmjs.org/is-typed-array/-/is-typed-array-1.1.15.tgz 357ms (cache miss)
2375 http fetch GET 200 https://registry.npmjs.org/is-string/-/is-string-1.1.1.tgz 358ms (cache miss)
2376 http fetch GET 200 https://registry.npmjs.org/is-regex/-/is-regex-1.2.1.tgz 361ms (cache miss)
2377 http fetch GET 200 https://registry.npmjs.org/object-inspect/-/object-inspect-1.13.4.tgz 363ms (cache miss)
2378 http fetch GET 200 https://registry.npmjs.org/is-array-buffer/-/is-array-buffer-3.0.5.tgz 366ms (cache miss)
2379 http fetch GET 200 https://registry.npmjs.org/is-negative-zero/-/is-negative-zero-2.0.3.tgz 369ms (cache miss)
2380 http fetch GET 200 https://registry.npmjs.org/get-symbol-description/-/get-symbol-description-1.1.0.tgz 371ms (cache miss)
2381 http fetch GET 200 https://registry.npmjs.org/globalthis/-/globalthis-1.0.4.tgz 375ms (cache miss)
2382 http fetch GET 200 https://registry.npmjs.org/string.prototype.trimend/-/string.prototype.trimend-1.0.9.tgz 376ms (cache miss)
2383 http fetch GET 200 https://registry.npmjs.org/function.prototype.name/-/function.prototype.name-1.1.8.tgz 378ms (cache miss)
2384 http fetch GET 200 https://registry.npmjs.org/is-data-view/-/is-data-view-1.0.2.tgz 394ms (cache miss)
2385 http fetch GET 200 https://registry.npmjs.org/data-view-byte-offset/-/data-view-byte-offset-1.0.1.tgz 397ms (cache miss)
2386 http fetch GET 200 https://registry.npmjs.org/arraybuffer.prototype.slice/-/arraybuffer.prototype.slice-1.0.4.tgz 399ms (cache miss)
2387 http fetch GET 200 https://registry.npmjs.org/has-proto/-/has-proto-1.2.0.tgz 401ms (cache miss)
2388 http fetch GET 200 https://registry.npmjs.org/data-view-buffer/-/data-view-buffer-1.0.2.tgz 401ms (cache miss)
2389 http fetch GET 200 https://registry.npmjs.org/available-typed-arrays/-/available-typed-arrays-1.0.7.tgz 403ms (cache miss)
2390 http fetch GET 200 https://registry.npmjs.org/set-function-length/-/set-function-length-1.2.2.tgz 409ms (cache miss)
2391 http fetch GET 200 https://registry.npmjs.org/define-data-property/-/define-data-property-1.1.4.tgz 411ms (cache miss)
2392 http fetch GET 200 https://registry.npmjs.org/object-keys/-/object-keys-1.1.1.tgz 422ms (cache miss)
2393 http fetch GET 200 https://registry.npmjs.org/regexp.prototype.flags/-/regexp.prototype.flags-1.5.4.tgz 422ms (cache miss)
2394 http fetch GET 200 https://registry.npmjs.org/es-to-primitive/-/es-to-primitive-1.3.0.tgz 425ms (cache miss)
2395 http fetch GET 200 https://registry.npmjs.org/set-function-name/-/set-function-name-2.0.2.tgz 433ms (cache miss)
2396 http fetch GET 200 https://registry.npmjs.org/has-property-descriptors/-/has-property-descriptors-1.0.2.tgz 433ms (cache miss)
2397 http fetch GET 200 https://registry.npmjs.org/internal-slot/-/internal-slot-1.1.0.tgz 439ms (cache miss)
2398 http fetch GET 200 https://registry.npmjs.org/array-buffer-byte-length/-/array-buffer-byte-length-1.0.2.tgz 440ms (cache miss)
2399 http fetch GET 200 https://registry.npmjs.org/data-view-byte-length/-/data-view-byte-length-1.0.2.tgz 447ms (cache miss)
2400 http fetch GET 200 https://registry.npmjs.org/unicode-match-property-value-ecmascript/-/unicode-match-property-value-ecmascript-2.2.1.tgz 447ms (cache miss)
2401 http fetch GET 200 https://registry.npmjs.org/side-channel/-/side-channel-1.1.0.tgz 452ms (cache miss)
2402 http fetch GET 200 https://registry.npmjs.org/call-bind/-/call-bind-1.0.8.tgz 455ms (cache miss)
2403 http fetch GET 200 https://registry.npmjs.org/define-properties/-/define-properties-1.2.1.tgz 455ms (cache miss)
2404 http fetch GET 200 https://registry.npmjs.org/unicode-match-property-ecmascript/-/unicode-match-property-ecmascript-2.0.0.tgz 459ms (cache miss)
2405 http fetch GET 200 https://registry.npmjs.org/call-bound/-/call-bound-1.0.4.tgz 469ms (cache miss)
2406 http fetch GET 200 https://registry.npmjs.org/shebang-regex/-/shebang-regex-3.0.0.tgz 469ms (cache miss)
2407 http fetch GET 200 https://registry.npmjs.org/regjsgen/-/regjsgen-0.8.0.tgz 477ms (cache miss)
2408 http fetch GET 200 https://registry.npmjs.org/regjsparser/-/regjsparser-0.13.0.tgz 482ms (cache miss)
2409 http fetch GET 200 https://registry.npmjs.org/regenerate/-/regenerate-1.4.2.tgz 491ms (cache miss)
2410 http fetch GET 200 https://registry.npmjs.org/@isaacs/brace-expansion/-/brace-expansion-5.0.0.tgz 492ms (cache miss)
2411 http fetch GET 200 https://registry.npmjs.org/strip-ansi/-/strip-ansi-6.0.1.tgz 492ms (cache miss)
2412 http fetch GET 200 https://registry.npmjs.org/wrap-ansi/-/wrap-ansi-7.0.0.tgz 499ms (cache miss)
2413 http fetch GET 200 https://registry.npmjs.org/randombytes/-/randombytes-2.1.0.tgz 506ms (cache miss)
2414 http fetch GET 200 https://registry.npmjs.org/filelist/-/filelist-1.0.4.tgz 506ms (cache miss)
2415 http fetch GET 200 https://registry.npmjs.org/@isaacs/balanced-match/-/balanced-match-4.0.1.tgz 509ms (cache miss)
2416 http fetch GET 200 https://registry.npmjs.org/shebang-command/-/shebang-command-2.0.0.tgz 518ms (cache miss)
2417 http fetch GET 200 https://registry.npmjs.org/path-key/-/path-key-3.1.1.tgz 524ms (cache miss)
2418 http fetch GET 200 https://registry.npmjs.org/cross-spawn/-/cross-spawn-7.0.6.tgz 527ms (cache miss)
2419 http fetch GET 200 https://registry.npmjs.org/string-width/-/string-width-4.2.3.tgz 536ms (cache miss)
2420 http fetch GET 200 https://registry.npmjs.org/async/-/async-3.2.6.tgz 539ms (cache miss)
2421 http fetch GET 200 https://registry.npmjs.org/minipass/-/minipass-7.1.2.tgz 542ms (cache miss)
2422 http fetch GET 200 https://registry.npmjs.org/jsonfile/-/jsonfile-6.2.0.tgz 545ms (cache miss)
2423 http fetch GET 200 https://registry.npmjs.org/path-scurry/-/path-scurry-2.0.1.tgz 545ms (cache miss)
2424 http fetch GET 200 https://registry.npmjs.org/package-json-from-dist/-/package-json-from-dist-1.0.1.tgz 546ms (cache miss)
2425 http fetch GET 200 https://registry.npmjs.org/signal-exit/-/signal-exit-4.1.0.tgz 553ms (cache miss)
2426 http fetch GET 200 https://registry.npmjs.org/universalify/-/universalify-2.0.1.tgz 561ms (cache miss)
2427 http fetch GET 200 https://registry.npmjs.org/at-least-node/-/at-least-node-1.0.0.tgz 561ms (cache miss)
2428 http fetch GET 200 https://registry.npmjs.org/foreground-child/-/foreground-child-3.3.1.tgz 565ms (cache miss)
2429 http fetch GET 200 https://registry.npmjs.org/jackspeak/-/jackspeak-4.1.1.tgz 566ms (cache miss)
2430 http fetch GET 200 https://registry.npmjs.org/@isaacs/cliui/-/cliui-8.0.2.tgz 568ms (cache miss)
2431 http fetch GET 200 https://registry.npmjs.org/graceful-fs/-/graceful-fs-4.2.11.tgz 572ms (cache miss)
2432 http fetch GET 200 https://registry.npmjs.org/lodash.debounce/-/lodash.debounce-4.0.8.tgz 586ms (cache miss)
2433 http fetch GET 200 https://registry.npmjs.org/minimatch/-/minimatch-10.1.1.tgz 587ms (cache miss)
2434 http fetch GET 200 https://registry.npmjs.org/json-schema-traverse/-/json-schema-traverse-1.0.0.tgz 588ms (cache miss)
2435 http fetch GET 200 https://registry.npmjs.org/ejs/-/ejs-3.1.10.tgz 591ms (cache miss)
2436 http fetch GET 200 https://registry.npmjs.org/serialize-javascript/-/serialize-javascript-6.0.2.tgz 598ms (cache miss)
2437 http fetch GET 200 https://registry.npmjs.org/fast-uri/-/fast-uri-3.1.0.tgz 611ms (cache miss)
2438 http fetch GET 200 https://registry.npmjs.org/esutils/-/esutils-2.0.3.tgz 613ms (cache miss)
2439 http fetch GET 200 https://registry.npmjs.org/jake/-/jake-10.9.4.tgz 619ms (cache miss)
2440 http fetch GET 200 https://registry.npmjs.org/deepmerge/-/deepmerge-4.3.1.tgz 619ms (cache miss)
2441 http fetch GET 200 https://registry.npmjs.org/smob/-/smob-1.5.0.tgz 638ms (cache miss)
2442 http fetch GET 200 https://registry.npmjs.org/is-module/-/is-module-1.0.0.tgz 640ms (cache miss)
2443 http fetch GET 200 https://registry.npmjs.org/@types/resolve/-/resolve-1.20.2.tgz 641ms (cache miss)
2444 http fetch GET 200 https://registry.npmjs.org/@babel/helper-replace-supers/-/helper-replace-supers-7.27.1.tgz 642ms (cache miss)
2445 http fetch GET 200 https://registry.npmjs.org/string.prototype.matchall/-/string.prototype.matchall-4.0.12.tgz 643ms (cache miss)
2446 http fetch GET 200 https://registry.npmjs.org/@babel/helper-define-polyfill-provider/-/helper-define-polyfill-provider-0.6.5.tgz 644ms (cache miss)
2447 http fetch GET 200 https://registry.npmjs.org/regexpu-core/-/regexpu-core-6.4.0.tgz 642ms (cache miss)
2448 http fetch GET 200 https://registry.npmjs.org/@babel/helper-optimise-call-expression/-/helper-optimise-call-expression-7.27.1.tgz 646ms (cache miss)
2449 http fetch GET 200 https://registry.npmjs.org/@rollup/pluginutils/-/pluginutils-3.1.0.tgz 648ms (cache miss)
2450 http fetch GET 200 https://registry.npmjs.org/@babel/helper-remap-async-to-generator/-/helper-remap-async-to-generator-7.27.1.tgz 647ms (cache miss)
2451 http fetch GET 200 https://registry.npmjs.org/@babel/helper-wrap-function/-/helper-wrap-function-7.28.3.tgz 648ms (cache miss)
2452 http fetch GET 200 https://registry.npmjs.org/regenerate-unicode-properties/-/regenerate-unicode-properties-10.2.2.tgz 656ms (cache miss)
2453 http fetch GET 200 https://registry.npmjs.org/@babel/helper-annotate-as-pure/-/helper-annotate-as-pure-7.27.3.tgz 651ms (cache miss)
2454 http fetch GET 200 https://registry.npmjs.org/@babel/helper-member-expression-to-functions/-/helper-member-expression-to-functions-7.28.5.tgz 660ms (cache miss)
2455 http fetch GET 200 https://registry.npmjs.org/terser/-/terser-5.44.1.tgz 662ms (cache miss)
2456 http fetch GET 200 https://registry.npmjs.org/core-js-compat/-/core-js-compat-3.47.0.tgz 661ms (cache miss)
2457 http fetch GET 200 https://registry.npmjs.org/babel-plugin-polyfill-regenerator/-/babel-plugin-polyfill-regenerator-0.6.5.tgz 670ms (cache miss)
2458 http fetch GET 200 https://registry.npmjs.org/babel-plugin-polyfill-corejs3/-/babel-plugin-polyfill-corejs3-0.13.0.tgz 677ms (cache miss)
2459 http fetch GET 200 https://registry.npmjs.org/babel-plugin-polyfill-corejs2/-/babel-plugin-polyfill-corejs2-0.4.14.tgz 686ms (cache miss)
2460 http fetch GET 200 https://registry.npmjs.org/@babel/helper-skip-transparent-expression-wrappers/-/helper-skip-transparent-expression-wrappers-7.27.1.tgz 690ms (cache miss)
2461 http fetch GET 200 https://registry.npmjs.org/@babel/plugin-transform-unicode-sets-regex/-/plugin-transform-unicode-sets-regex-7.27.1.tgz 692ms (cache miss)
2462 http fetch GET 200 https://registry.npmjs.org/@babel/plugin-transform-template-literals/-/plugin-transform-template-literals-7.27.1.tgz 700ms (cache miss)
2463 http fetch GET 200 https://registry.npmjs.org/@babel/plugin-transform-typeof-symbol/-/plugin-transform-typeof-symbol-7.27.1.tgz 707ms (cache miss)
2464 http fetch GET 200 https://registry.npmjs.org/@babel/plugin-transform-spread/-/plugin-transform-spread-7.27.1.tgz 706ms (cache miss)
2465 http fetch GET 200 https://registry.npmjs.org/@babel/plugin-transform-unicode-escapes/-/plugin-transform-unicode-escapes-7.27.1.tgz 707ms (cache miss)
2466 http fetch GET 200 https://registry.npmjs.org/@babel/plugin-transform-unicode-regex/-/plugin-transform-unicode-regex-7.27.1.tgz 707ms (cache miss)
2467 http fetch GET 200 https://registry.npmjs.org/@babel/plugin-transform-unicode-property-regex/-/plugin-transform-unicode-property-regex-7.27.1.tgz 708ms (cache miss)
2468 http fetch GET 200 https://registry.npmjs.org/@babel/preset-modules/-/preset-modules-0.1.6-no-external-plugins.tgz 710ms (cache miss)
2469 http fetch GET 200 https://registry.npmjs.org/@babel/helper-create-class-features-plugin/-/helper-create-class-features-plugin-7.28.5.tgz 713ms (cache miss)
2470 http fetch GET 200 https://registry.npmjs.org/@babel/helper-create-regexp-features-plugin/-/helper-create-regexp-features-plugin-7.28.5.tgz 714ms (cache miss)
2471 http fetch GET 200 https://registry.npmjs.org/@babel/plugin-transform-sticky-regex/-/plugin-transform-sticky-regex-7.27.1.tgz 725ms (cache miss)
2472 http fetch GET 200 https://registry.npmjs.org/@babel/plugin-transform-regexp-modifiers/-/plugin-transform-regexp-modifiers-7.27.1.tgz 734ms (cache miss)
2473 http fetch GET 200 https://registry.npmjs.org/@babel/plugin-transform-shorthand-properties/-/plugin-transform-shorthand-properties-7.27.1.tgz 739ms (cache miss)
2474 http fetch GET 200 https://registry.npmjs.org/@babel/plugin-transform-reserved-words/-/plugin-transform-reserved-words-7.27.1.tgz 750ms (cache miss)
2475 http fetch GET 200 https://registry.npmjs.org/@babel/plugin-transform-property-literals/-/plugin-transform-property-literals-7.27.1.tgz 751ms (cache miss)
2476 http fetch GET 200 https://registry.npmjs.org/@babel/plugin-transform-regenerator/-/plugin-transform-regenerator-7.28.4.tgz 753ms (cache miss)
2477 http fetch GET 200 https://registry.npmjs.org/@babel/plugin-transform-private-methods/-/plugin-transform-private-methods-7.27.1.tgz 752ms (cache miss)
2478 http fetch GET 200 https://registry.npmjs.org/@babel/plugin-transform-object-rest-spread/-/plugin-transform-object-rest-spread-7.28.4.tgz 759ms (cache miss)
2479 http fetch GET 200 https://registry.npmjs.org/@babel/plugin-transform-object-super/-/plugin-transform-object-super-7.27.1.tgz 762ms (cache miss)
2480 http fetch GET 200 https://registry.npmjs.org/@babel/plugin-transform-private-property-in-object/-/plugin-transform-private-property-in-object-7.27.1.tgz 768ms (cache miss)
2481 http fetch GET 200 https://registry.npmjs.org/@babel/plugin-transform-optional-chaining/-/plugin-transform-optional-chaining-7.28.5.tgz 768ms (cache miss)
2482 http fetch GET 200 https://registry.npmjs.org/@babel/plugin-transform-numeric-separator/-/plugin-transform-numeric-separator-7.27.1.tgz 777ms (cache miss)
2483 http fetch GET 200 https://registry.npmjs.org/@babel/plugin-transform-new-target/-/plugin-transform-new-target-7.27.1.tgz 777ms (cache miss)
2484 http fetch GET 200 https://registry.npmjs.org/@babel/plugin-transform-parameters/-/plugin-transform-parameters-7.27.7.tgz 779ms (cache miss)
2485 http fetch GET 200 https://registry.npmjs.org/@babel/plugin-transform-optional-catch-binding/-/plugin-transform-optional-catch-binding-7.27.1.tgz 783ms (cache miss)
2486 http fetch GET 200 https://registry.npmjs.org/@babel/plugin-transform-named-capturing-groups-regex/-/plugin-transform-named-capturing-groups-regex-7.27.1.tgz 785ms (cache miss)
2487 http fetch GET 200 https://registry.npmjs.org/@babel/plugin-transform-nullish-coalescing-operator/-/plugin-transform-nullish-coalescing-operator-7.27.1.tgz 786ms (cache miss)
2488 http fetch GET 200 https://registry.npmjs.org/@babel/plugin-transform-modules-amd/-/plugin-transform-modules-amd-7.27.1.tgz 809ms (cache miss)
2489 http fetch GET 200 https://registry.npmjs.org/@babel/plugin-transform-literals/-/plugin-transform-literals-7.27.1.tgz 809ms (cache miss)
2490 http fetch GET 200 https://registry.npmjs.org/@babel/plugin-transform-modules-commonjs/-/plugin-transform-modules-commonjs-7.27.1.tgz 810ms (cache miss)
2491 http fetch GET 200 https://registry.npmjs.org/@babel/plugin-transform-logical-assignment-operators/-/plugin-transform-logical-assignment-operators-7.28.5.tgz 811ms (cache miss)
2492 http fetch GET 200 https://registry.npmjs.org/@babel/plugin-transform-modules-umd/-/plugin-transform-modules-umd-7.27.1.tgz 814ms (cache miss)
2493 http fetch GET 200 https://registry.npmjs.org/@babel/plugin-transform-member-expression-literals/-/plugin-transform-member-expression-literals-7.27.1.tgz 818ms (cache miss)
2494 http fetch GET 200 https://registry.npmjs.org/@babel/plugin-transform-explicit-resource-management/-/plugin-transform-explicit-resource-management-7.28.0.tgz 818ms (cache miss)
2495 http fetch GET 200 https://registry.npmjs.org/@babel/plugin-transform-exponentiation-operator/-/plugin-transform-exponentiation-operator-7.28.5.tgz 827ms (cache miss)
2496 http fetch GET 200 https://registry.npmjs.org/@babel/plugin-transform-json-strings/-/plugin-transform-json-strings-7.27.1.tgz 827ms (cache miss)
2497 http fetch GET 200 https://registry.npmjs.org/@babel/plugin-transform-duplicate-keys/-/plugin-transform-duplicate-keys-7.27.1.tgz 835ms (cache miss)
2498 http fetch GET 200 https://registry.npmjs.org/@babel/plugin-transform-function-name/-/plugin-transform-function-name-7.27.1.tgz 837ms (cache miss)
2499 http fetch GET 200 https://registry.npmjs.org/@babel/plugin-transform-duplicate-named-capturing-groups-regex/-/plugin-transform-duplicate-named-capturing-groups-regex-7.27.1.tgz 836ms (cache miss)
2500 http fetch GET 200 https://registry.npmjs.org/@babel/plugin-transform-export-namespace-from/-/plugin-transform-export-namespace-from-7.27.1.tgz 837ms (cache miss)
2501 http fetch GET 200 https://registry.npmjs.org/@babel/plugin-transform-dynamic-import/-/plugin-transform-dynamic-import-7.27.1.tgz 840ms (cache miss)
2502 http fetch GET 200 https://registry.npmjs.org/@babel/plugin-transform-destructuring/-/plugin-transform-destructuring-7.28.5.tgz 851ms (cache miss)
2503 http fetch GET 200 https://registry.npmjs.org/@babel/plugin-transform-for-of/-/plugin-transform-for-of-7.27.1.tgz 860ms (cache miss)
2504 http fetch GET 200 https://registry.npmjs.org/@babel/plugin-transform-modules-systemjs/-/plugin-transform-modules-systemjs-7.28.5.tgz 865ms (cache miss)
2505 http fetch GET 200 https://registry.npmjs.org/@babel/plugin-transform-dotall-regex/-/plugin-transform-dotall-regex-7.27.1.tgz 868ms (cache miss)
2506 http fetch GET 200 https://registry.npmjs.org/@babel/plugin-transform-computed-properties/-/plugin-transform-computed-properties-7.27.1.tgz 886ms (cache miss)
2507 http fetch GET 200 https://registry.npmjs.org/@babel/plugin-transform-class-properties/-/plugin-transform-class-properties-7.27.1.tgz 885ms (cache miss)
2508 http fetch GET 200 https://registry.npmjs.org/@babel/plugin-transform-class-static-block/-/plugin-transform-class-static-block-7.28.3.tgz 886ms (cache miss)
2509 http fetch GET 200 https://registry.npmjs.org/@babel/plugin-transform-async-to-generator/-/plugin-transform-async-to-generator-7.27.1.tgz 886ms (cache miss)
2510 http fetch GET 200 https://registry.npmjs.org/@babel/plugin-transform-block-scoping/-/plugin-transform-block-scoping-7.28.5.tgz 887ms (cache miss)
2511 http fetch GET 200 https://registry.npmjs.org/@babel/plugin-syntax-import-assertions/-/plugin-syntax-import-assertions-7.27.1.tgz 894ms (cache miss)
2512 http fetch GET 200 https://registry.npmjs.org/@babel/plugin-transform-block-scoped-functions/-/plugin-transform-block-scoped-functions-7.27.1.tgz 895ms (cache miss)
2513 http fetch GET 200 https://registry.npmjs.org/@babel/plugin-transform-async-generator-functions/-/plugin-transform-async-generator-functions-7.28.0.tgz 895ms (cache miss)
2514 http fetch GET 200 https://registry.npmjs.org/@babel/plugin-transform-arrow-functions/-/plugin-transform-arrow-functions-7.27.1.tgz 897ms (cache miss)
2515 http fetch GET 200 https://registry.npmjs.org/@babel/plugin-syntax-import-attributes/-/plugin-syntax-import-attributes-7.27.1.tgz 907ms (cache miss)
2516 http fetch GET 200 https://registry.npmjs.org/@babel/plugin-transform-classes/-/plugin-transform-classes-7.28.4.tgz 907ms (cache miss)
2517 http fetch GET 200 https://registry.npmjs.org/@babel/plugin-syntax-unicode-sets-regex/-/plugin-syntax-unicode-sets-regex-7.18.6.tgz 911ms (cache miss)
2518 http fetch GET 200 https://registry.npmjs.org/es-abstract/-/es-abstract-1.24.1.tgz 934ms (cache miss)
2519 http fetch GET 200 https://registry.npmjs.org/jsonpointer/-/jsonpointer-5.0.1.tgz 921ms (cache miss)
2520 http fetch GET 200 https://registry.npmjs.org/@babel/plugin-bugfix-safari-id-destructuring-collision-in-function-expression/-/plugin-bugfix-safari-id-destructuring-collision-in-function-expression-7.27.1.tgz 922ms (cache miss)
2521 http fetch GET 200 https://registry.npmjs.org/json-schema/-/json-schema-0.4.0.tgz 936ms (cache miss)
2522 http fetch GET 200 https://registry.npmjs.org/leven/-/leven-3.1.0.tgz 938ms (cache miss)
2523 http fetch GET 200 https://registry.npmjs.org/@babel/plugin-bugfix-v8-static-class-fields-redefine-readonly/-/plugin-bugfix-v8-static-class-fields-redefine-readonly-7.28.3.tgz 942ms (cache miss)
2524 http fetch GET 200 https://registry.npmjs.org/workbox-sw/-/workbox-sw-7.4.0.tgz 948ms (cache miss)
2525 http fetch GET 200 https://registry.npmjs.org/@babel/plugin-bugfix-safari-class-field-initializer-scope/-/plugin-bugfix-safari-class-field-initializer-scope-7.27.1.tgz 949ms (cache miss)
2526 http fetch GET 200 https://registry.npmjs.org/@babel/plugin-bugfix-firefox-class-in-computed-class-key/-/plugin-bugfix-firefox-class-in-computed-class-key-7.28.5.tgz 955ms (cache miss)
2527 http fetch GET 200 https://registry.npmjs.org/workbox-range-requests/-/workbox-range-requests-7.4.0.tgz 956ms (cache miss)
2528 http fetch GET 200 https://registry.npmjs.org/@babel/plugin-proposal-private-property-in-object/-/plugin-proposal-private-property-in-object-7.21.0-placeholder-for-preset-env.2.tgz 958ms (cache miss)
2529 http fetch GET 200 https://registry.npmjs.org/workbox-routing/-/workbox-routing-7.4.0.tgz 960ms (cache miss)
2530 http fetch GET 200 https://registry.npmjs.org/@babel/plugin-bugfix-v8-spread-parameters-in-optional-chaining/-/plugin-bugfix-v8-spread-parameters-in-optional-chaining-7.27.1.tgz 973ms (cache miss)
2531 http fetch GET 200 https://registry.npmjs.org/workbox-precaching/-/workbox-precaching-7.4.0.tgz 977ms (cache miss)
2532 http fetch GET 200 https://registry.npmjs.org/workbox-recipes/-/workbox-recipes-7.4.0.tgz 979ms (cache miss)
2533 http fetch GET 200 https://registry.npmjs.org/workbox-streams/-/workbox-streams-7.4.0.tgz 979ms (cache miss)
2534 http fetch GET 200 https://registry.npmjs.org/workbox-google-analytics/-/workbox-google-analytics-7.4.0.tgz 992ms (cache miss)
2535 http fetch GET 200 https://registry.npmjs.org/workbox-expiration/-/workbox-expiration-7.4.0.tgz 993ms (cache miss)
2536 http fetch GET 200 https://registry.npmjs.org/upath/-/upath-1.2.0.tgz 996ms (cache miss)
2537 http fetch GET 200 https://registry.npmjs.org/tempy/-/tempy-0.6.0.tgz 1001ms (cache miss)
2538 http fetch GET 200 https://registry.npmjs.org/workbox-background-sync/-/workbox-background-sync-7.4.0.tgz 1008ms (cache miss)
2539 http fetch GET 200 https://registry.npmjs.org/stringify-object/-/stringify-object-3.3.0.tgz 1008ms (cache miss)
2540 http fetch GET 200 https://registry.npmjs.org/strip-comments/-/strip-comments-2.0.1.tgz 1008ms (cache miss)
2541 http fetch GET 200 https://registry.npmjs.org/workbox-broadcast-update/-/workbox-broadcast-update-7.4.0.tgz 1013ms (cache miss)
2542 http fetch GET 200 https://registry.npmjs.org/workbox-cacheable-response/-/workbox-cacheable-response-7.4.0.tgz 1013ms (cache miss)
2543 http fetch GET 200 https://registry.npmjs.org/workbox-strategies/-/workbox-strategies-7.4.0.tgz 1014ms (cache miss)
2544 http fetch GET 200 https://registry.npmjs.org/workbox-core/-/workbox-core-7.4.0.tgz 1022ms (cache miss)
2545 http fetch GET 200 https://registry.npmjs.org/glob/-/glob-11.1.0.tgz 1026ms (cache miss)
2546 http fetch GET 200 https://registry.npmjs.org/fast-json-stable-stringify/-/fast-json-stable-stringify-2.1.0.tgz 1031ms (cache miss)
2547 http fetch GET 200 https://registry.npmjs.org/workbox-navigation-preload/-/workbox-navigation-preload-7.4.0.tgz 1043ms (cache miss)
2548 http fetch GET 200 https://registry.npmjs.org/source-map/-/source-map-0.8.0-beta.0.tgz 1044ms (cache miss)
2549 warn deprecated source-map@0.8.0-beta.0: The work that was done in this beta branch won't be included in future versions
2550 http fetch GET 200 https://registry.npmjs.org/@rollup/plugin-terser/-/plugin-terser-0.4.4.tgz 1060ms (cache miss)
2551 http fetch GET 200 https://registry.npmjs.org/pretty-bytes/-/pretty-bytes-6.1.1.tgz 1074ms (cache miss)
2552 http fetch GET 200 https://registry.npmjs.org/@rollup/plugin-babel/-/plugin-babel-5.3.1.tgz 1076ms (cache miss)
2553 http fetch GET 200 https://registry.npmjs.org/@rollup/plugin-node-resolve/-/plugin-node-resolve-15.3.1.tgz 1079ms (cache miss)
2554 http fetch GET 200 https://registry.npmjs.org/@rollup/plugin-replace/-/plugin-replace-2.4.2.tgz 1079ms (cache miss)
2555 http fetch GET 200 https://registry.npmjs.org/fs-extra/-/fs-extra-9.1.0.tgz 1083ms (cache miss)
2556 http fetch GET 200 https://registry.npmjs.org/common-tags/-/common-tags-1.8.2.tgz 1099ms (cache miss)
2557 http fetch GET 200 https://registry.npmjs.org/@babel/preset-env/-/preset-env-7.28.5.tgz 1099ms (cache miss)
2558 http fetch GET 200 https://registry.npmjs.org/@math.gl/polygon/-/polygon-4.1.0.tgz 1132ms (cache miss)
2559 http fetch GET 200 https://registry.npmjs.org/@math.gl/types/-/types-4.1.0.tgz 1137ms (cache miss)
2560 http fetch GET 200 https://registry.npmjs.org/@math.gl/sun/-/sun-4.1.0.tgz 1148ms (cache miss)
2561 http fetch GET 200 https://registry.npmjs.org/wgsl_reflect/-/wgsl_reflect-1.2.3.tgz 1155ms (cache miss)
2562 http fetch GET 200 https://registry.npmjs.org/@probe.gl/stats/-/stats-4.1.0.tgz 1157ms (cache miss)
2563 http fetch GET 200 https://registry.npmjs.org/@apideck/better-ajv-errors/-/better-ajv-errors-0.3.6.tgz 1178ms (cache miss)
2564 http fetch GET 200 https://registry.npmjs.org/d3-hexbin/-/d3-hexbin-0.2.2.tgz 1195ms (cache miss)
2565 http fetch GET 200 https://registry.npmjs.org/@surma/rollup-plugin-off-main-thread/-/rollup-plugin-off-main-thread-2.2.3.tgz 1202ms (cache miss)
2566 http fetch GET 200 https://registry.npmjs.org/@probe.gl/log/-/log-4.1.0.tgz 1208ms (cache miss)
2567 http fetch GET 200 https://registry.npmjs.org/workbox-window/-/workbox-window-7.4.0.tgz 1209ms (cache miss)
2568 http fetch GET 200 https://registry.npmjs.org/@math.gl/web-mercator/-/web-mercator-4.1.0.tgz 1213ms (cache miss)
2569 http fetch GET 200 https://registry.npmjs.org/@probe.gl/env/-/env-4.1.0.tgz 1219ms (cache miss)
2570 http fetch GET 200 https://registry.npmjs.org/isarray/-/isarray-2.0.5.tgz 1223ms (cache miss)
2571 http fetch GET 200 https://registry.npmjs.org/isarray/-/isarray-2.0.5.tgz 1224ms (cache miss)
2572 http fetch GET 200 https://registry.npmjs.org/vite-plugin-pwa/-/vite-plugin-pwa-1.2.0.tgz 1226ms (cache miss)
2573 http fetch GET 200 https://registry.npmjs.org/minimatch/-/minimatch-5.1.6.tgz 1237ms (cache miss)
2574 http fetch GET 200 https://registry.npmjs.org/@loaders.gl/images/-/images-4.3.4.tgz 1255ms (cache miss)
2575 http fetch GET 200 https://registry.npmjs.org/@loaders.gl/worker-utils/-/worker-utils-4.3.4.tgz 1258ms (cache miss)
2576 http fetch GET 200 https://registry.npmjs.org/isarray/-/isarray-2.0.5.tgz 1257ms (cache miss)
2577 http fetch GET 200 https://registry.npmjs.org/ansi-styles/-/ansi-styles-6.2.3.tgz 1259ms (cache miss)
2578 http fetch GET 200 https://registry.npmjs.org/workbox-build/-/workbox-build-7.4.0.tgz 1264ms (cache miss)
2579 http fetch GET 200 https://registry.npmjs.org/wrap-ansi/-/wrap-ansi-8.1.0.tgz 1277ms (cache miss)
2580 http fetch GET 200 https://registry.npmjs.org/ansi-regex/-/ansi-regex-6.2.2.tgz 1287ms (cache miss)
2581 http fetch GET 200 https://registry.npmjs.org/strip-ansi/-/strip-ansi-7.1.2.tgz 1288ms (cache miss)
2582 http fetch GET 200 https://registry.npmjs.org/string-width/-/string-width-5.1.2.tgz 1289ms (cache miss)
2583 http fetch GET 200 https://registry.npmjs.org/emoji-regex/-/emoji-regex-9.2.2.tgz 1313ms (cache miss)
2584 http fetch GET 200 https://registry.npmjs.org/source-map/-/source-map-0.6.1.tgz 1316ms (cache miss)
2585 http fetch GET 200 https://registry.npmjs.org/estree-walker/-/estree-walker-1.0.1.tgz 1317ms (cache miss)
2586 http fetch GET 200 https://registry.npmjs.org/commander/-/commander-2.20.3.tgz 1322ms (cache miss)
2587 http fetch GET 200 https://registry.npmjs.org/isexe/-/isexe-2.0.0.tgz 1322ms (cache miss)
2588 http fetch GET 200 https://registry.npmjs.org/whatwg-url/-/whatwg-url-7.1.0.tgz 1339ms (cache miss)
2589 http fetch GET 200 https://registry.npmjs.org/lru-cache/-/lru-cache-11.2.4.tgz 1340ms (cache miss)
2590 http fetch GET 200 https://registry.npmjs.org/@types/estree/-/estree-0.0.39.tgz 1349ms (cache miss)
2591 http fetch GET 200 https://registry.npmjs.org/@deck.gl/react/-/react-9.2.5.tgz 1359ms (cache miss)
2592 http fetch GET 200 https://registry.npmjs.org/webidl-conversions/-/webidl-conversions-4.0.2.tgz 1356ms (cache miss)
2593 http fetch GET 200 https://registry.npmjs.org/magic-string/-/magic-string-0.25.9.tgz 1356ms (cache miss)
2594 http fetch GET 200 https://registry.npmjs.org/@luma.gl/constants/-/constants-9.2.5.tgz 1369ms (cache miss)
2595 http fetch GET 200 https://registry.npmjs.org/earcut/-/earcut-2.2.4.tgz 1367ms (cache miss)
2596 http fetch GET 200 https://registry.npmjs.org/picomatch/-/picomatch-4.0.3.tgz 1374ms (cache miss)
2597 http fetch GET 200 https://registry.npmjs.org/@types/offscreencanvas/-/offscreencanvas-2019.7.3.tgz 1374ms (cache miss)
2598 http fetch GET 200 https://registry.npmjs.org/magic-string/-/magic-string-0.25.9.tgz 1378ms (cache miss)
2599 http fetch GET 200 https://registry.npmjs.org/estree-walker/-/estree-walker-2.0.2.tgz 1380ms (cache miss)
2600 http fetch GET 200 https://registry.npmjs.org/which/-/which-2.0.2.tgz 1387ms (cache miss)
2601 http fetch GET 200 https://registry.npmjs.org/tr46/-/tr46-1.0.1.tgz 1399ms (cache miss)
2602 http fetch GET 200 https://registry.npmjs.org/pretty-bytes/-/pretty-bytes-5.6.0.tgz 1403ms (cache miss)
2603 http fetch GET 200 https://registry.npmjs.org/esbuild 1359ms (cache miss)
2604 silly packumentCache corgi:https://registry.npmjs.org/esbuild set size:undefined disposed:false
2605 http fetch GET 200 https://registry.npmjs.org/@types/offscreencanvas/-/offscreencanvas-2019.7.3.tgz 1432ms (cache miss)
2606 silly packumentCache corgi:https://registry.npmjs.org/vite cache-miss
2607 http fetch GET 200 https://registry.npmjs.org/@loaders.gl/schema/-/schema-4.3.4.tgz 1452ms (cache miss)
2608 http fetch GET 200 https://registry.npmjs.org/@rollup/pluginutils/-/pluginutils-5.3.0.tgz 1466ms (cache miss)
2609 http fetch GET 200 https://registry.npmjs.org/@loaders.gl/loader-utils/-/loader-utils-4.3.4.tgz 1472ms (cache miss)
2610 http fetch GET 200 https://registry.npmjs.org/@loaders.gl/core/-/core-4.3.4.tgz 1475ms (cache miss)
2611 http fetch GET 200 https://registry.npmjs.org/lodash/-/lodash-4.17.21.tgz 1482ms (cache miss)
2612 http fetch GET 200 https://registry.npmjs.org/rollup/-/rollup-2.79.2.tgz 1491ms (cache miss)
2613 http fetch GET 200 https://registry.npmjs.org/mjolnir.js/-/mjolnir.js-3.0.0.tgz 1524ms (cache miss)
2614 http fetch GET 200 https://registry.npmjs.org/@math.gl/core/-/core-4.1.0.tgz 1529ms (cache miss)
2615 http fetch GET 200 https://registry.npmjs.org/vite 97ms (cache miss)
2616 silly packumentCache corgi:https://registry.npmjs.org/vite set size:undefined disposed:false
2617 http fetch GET 200 https://registry.npmjs.org/@luma.gl/engine/-/engine-9.2.5.tgz 1623ms (cache miss)
2618 http fetch GET 200 https://registry.npmjs.org/@deck.gl/aggregation-layers/-/aggregation-layers-9.2.5.tgz 1650ms (cache miss)
2619 http fetch GET 200 https://registry.npmjs.org/@luma.gl/webgl/-/webgl-9.2.5.tgz 1673ms (cache miss)
2620 http fetch GET 200 https://registry.npmjs.org/ajv/-/ajv-8.17.1.tgz 1682ms (cache miss)
2621 http fetch GET 200 https://registry.npmjs.org/@luma.gl/core/-/core-9.2.5.tgz 1686ms (cache miss)
2622 http fetch GET 200 https://registry.npmjs.org/@deck.gl/layers/-/layers-9.2.5.tgz 1687ms (cache miss)
2623 http fetch GET 200 https://registry.npmjs.org/@luma.gl/shadertools/-/shadertools-9.2.5.tgz 1690ms (cache miss)
2624 http fetch GET 200 https://registry.npmjs.org/@deck.gl/core/-/core-9.2.5.tgz 1716ms (cache miss)
2625 silly ADD node_modules/lodash.sortby
2626 silly ADD node_modules/balanced-match
2627 silly ADD node_modules/brace-expansion
2628 silly ADD node_modules/sourcemap-codec
2629 silly ADD node_modules/eastasianwidth
2630 silly ADD node_modules/idb
2631 silly ADD node_modules/is-weakset
2632 silly ADD node_modules/is-weakmap
2633 silly ADD node_modules/is-map
2634 silly ADD node_modules/generator-function
2635 silly ADD node_modules/async-function
2636 silly ADD node_modules/which-collection
2637 silly ADD node_modules/is-generator-function
2638 silly ADD node_modules/is-finalizationregistry
2639 silly ADD node_modules/is-async-function
2640 silly ADD node_modules/is-number-object
2641 silly ADD node_modules/is-boolean-object
2642 silly ADD node_modules/is-bigint
2643 silly ADD node_modules/crypto-random-string
2644 silly ADD node_modules/unicode-property-aliases-ecmascript
2645 silly ADD node_modules/unicode-canonical-property-names-ecmascript
2646 silly ADD node_modules/which-boxed-primitive
2647 silly ADD node_modules/has-bigints
2648 silly ADD node_modules/which-builtin-type
2649 silly ADD node_modules/which-builtin-type/node_modules/isarray
2650 silly ADD node_modules/reflect.getprototypeof
2651 silly ADD node_modules/for-each
2652 silly ADD node_modules/buffer-from
2653 silly ADD node_modules/source-map-support
2654 silly ADD node_modules/source-map-support/node_modules/source-map
2655 silly ADD node_modules/acorn
2656 silly ADD node_modules/@jridgewell/source-map
2657 silly ADD node_modules/unique-string
2658 silly ADD node_modules/type-fest
2659 silly ADD node_modules/temp-dir
2660 silly ADD node_modules/is-stream
2661 silly ADD node_modules/is-regexp
2662 silly ADD node_modules/is-obj
2663 silly ADD node_modules/get-own-enumerable-property-symbols
2664 silly ADD node_modules/side-channel-weakmap
2665 silly ADD node_modules/side-channel-map
2666 silly ADD node_modules/side-channel-list
2667 silly ADD node_modules/functions-have-names
2668 silly ADD node_modules/is-symbol
2669 silly ADD node_modules/is-date-object
2670 silly ADD node_modules/possible-typed-array-names
2671 silly ADD node_modules/which-typed-array
2672 silly ADD node_modules/unbox-primitive
2673 silly ADD node_modules/typed-array-length
2674 silly ADD node_modules/typed-array-byte-offset
2675 silly ADD node_modules/typed-array-byte-length
2676 silly ADD node_modules/typed-array-buffer
2677 silly ADD node_modules/string.prototype.trimstart
2678 silly ADD node_modules/string.prototype.trimend
2679 silly ADD node_modules/string.prototype.trim
2680 silly ADD node_modules/stop-iteration-iterator
2681 silly ADD node_modules/set-proto
2682 silly ADD node_modules/safe-regex-test
2683 silly ADD node_modules/safe-push-apply
2684 silly ADD node_modules/safe-push-apply/node_modules/isarray
2685 silly ADD node_modules/safe-array-concat
2686 silly ADD node_modules/safe-array-concat/node_modules/isarray
2687 silly ADD node_modules/own-keys
2688 silly ADD node_modules/object.assign
2689 silly ADD node_modules/object-inspect
2690 silly ADD node_modules/is-weakref
2691 silly ADD node_modules/is-typed-array
2692 silly ADD node_modules/is-string
2693 silly ADD node_modules/is-shared-array-buffer
2694 silly ADD node_modules/is-set
2695 silly ADD node_modules/is-regex
2696 silly ADD node_modules/is-negative-zero
2697 silly ADD node_modules/is-data-view
2698 silly ADD node_modules/is-callable
2699 silly ADD node_modules/is-array-buffer
2700 silly ADD node_modules/has-proto
2701 silly ADD node_modules/globalthis
2702 silly ADD node_modules/get-symbol-description
2703 silly ADD node_modules/function.prototype.name
2704 silly ADD node_modules/es-to-primitive
2705 silly ADD node_modules/data-view-byte-offset
2706 silly ADD node_modules/data-view-byte-length
2707 silly ADD node_modules/data-view-buffer
2708 silly ADD node_modules/available-typed-arrays
2709 silly ADD node_modules/arraybuffer.prototype.slice
2710 silly ADD node_modules/array-buffer-byte-length
2711 silly ADD node_modules/object-keys
2712 silly ADD node_modules/has-property-descriptors
2713 silly ADD node_modules/define-data-property
2714 silly ADD node_modules/set-function-length
2715 silly ADD node_modules/side-channel
2716 silly ADD node_modules/set-function-name
2717 silly ADD node_modules/regexp.prototype.flags
2718 silly ADD node_modules/internal-slot
2719 silly ADD node_modules/es-abstract
2720 silly ADD node_modules/define-properties
2721 silly ADD node_modules/call-bound
2722 silly ADD node_modules/call-bind
2723 silly ADD node_modules/shebang-regex
2724 silly ADD node_modules/randombytes
2725 silly ADD node_modules/unicode-match-property-value-ecmascript
2726 silly ADD node_modules/unicode-match-property-ecmascript
2727 silly ADD node_modules/regjsparser
2728 silly ADD node_modules/regjsgen
2729 silly ADD node_modules/regenerate-unicode-properties
2730 silly ADD node_modules/regenerate
2731 silly ADD node_modules/@isaacs/balanced-match
2732 silly ADD node_modules/@isaacs/brace-expansion
2733 silly ADD node_modules/filelist
2734 silly ADD node_modules/filelist/node_modules/minimatch
2735 silly ADD node_modules/async
2736 silly ADD node_modules/wrap-ansi-cjs
2737 silly ADD node_modules/strip-ansi-cjs
2738 silly ADD node_modules/string-width-cjs
2739 silly ADD node_modules/@isaacs/cliui
2740 silly ADD node_modules/@isaacs/cliui/node_modules/ansi-styles
2741 silly ADD node_modules/@isaacs/cliui/node_modules/ansi-regex
2742 silly ADD node_modules/@isaacs/cliui/node_modules/emoji-regex
2743 silly ADD node_modules/@isaacs/cliui/node_modules/wrap-ansi
2744 silly ADD node_modules/@isaacs/cliui/node_modules/strip-ansi
2745 silly ADD node_modules/@isaacs/cliui/node_modules/string-width
2746 silly ADD node_modules/shebang-command
2747 silly ADD node_modules/path-key
2748 silly ADD node_modules/signal-exit
2749 silly ADD node_modules/cross-spawn
2750 silly ADD node_modules/cross-spawn/node_modules/isexe
2751 silly ADD node_modules/cross-spawn/node_modules/which
2752 silly ADD node_modules/path-scurry
2753 silly ADD node_modules/path-scurry/node_modules/lru-cache
2754 silly ADD node_modules/package-json-from-dist
2755 silly ADD node_modules/minipass
2756 silly ADD node_modules/minimatch
2757 silly ADD node_modules/jackspeak
2758 silly ADD node_modules/foreground-child
2759 silly ADD node_modules/universalify
2760 silly ADD node_modules/jsonfile
2761 silly ADD node_modules/graceful-fs
2762 silly ADD node_modules/at-least-node
2763 silly ADD node_modules/jake
2764 silly ADD node_modules/lodash.debounce
2765 silly ADD node_modules/@babel/helper-define-polyfill-provider
2766 silly ADD node_modules/json-schema-traverse
2767 silly ADD node_modules/fast-uri
2768 silly ADD node_modules/string.prototype.matchall
2769 silly ADD node_modules/ejs
2770 silly ADD node_modules/terser
2771 silly ADD node_modules/terser/node_modules/commander
2772 silly ADD node_modules/smob
2773 silly ADD node_modules/serialize-javascript
2774 silly ADD node_modules/is-module
2775 silly ADD node_modules/deepmerge
2776 silly ADD node_modules/@types/resolve
2777 silly ADD node_modules/@rollup/pluginutils
2778 silly ADD node_modules/@rollup/pluginutils/node_modules/estree-walker
2779 silly ADD node_modules/@rollup/pluginutils/node_modules/@types/estree
2780 silly ADD node_modules/esutils
2781 silly ADD node_modules/@babel/helper-replace-supers
2782 silly ADD node_modules/@babel/helper-optimise-call-expression
2783 silly ADD node_modules/@babel/helper-member-expression-to-functions
2784 silly ADD node_modules/@babel/helper-create-class-features-plugin
2785 silly ADD node_modules/@babel/helper-wrap-function
2786 silly ADD node_modules/@babel/helper-remap-async-to-generator
2787 silly ADD node_modules/regexpu-core
2788 silly ADD node_modules/@babel/helper-annotate-as-pure
2789 silly ADD node_modules/@babel/helper-create-regexp-features-plugin
2790 silly ADD node_modules/@babel/helper-skip-transparent-expression-wrappers
2791 silly ADD node_modules/core-js-compat
2792 silly ADD node_modules/babel-plugin-polyfill-regenerator
2793 silly ADD node_modules/babel-plugin-polyfill-corejs3
2794 silly ADD node_modules/babel-plugin-polyfill-corejs2
2795 silly ADD node_modules/@babel/preset-modules
2796 silly ADD node_modules/@babel/plugin-transform-unicode-sets-regex
2797 silly ADD node_modules/@babel/plugin-transform-unicode-regex
2798 silly ADD node_modules/@babel/plugin-transform-unicode-property-regex
2799 silly ADD node_modules/@babel/plugin-transform-unicode-escapes
2800 silly ADD node_modules/@babel/plugin-transform-typeof-symbol
2801 silly ADD node_modules/@babel/plugin-transform-template-literals
2802 silly ADD node_modules/@babel/plugin-transform-sticky-regex
2803 silly ADD node_modules/@babel/plugin-transform-spread
2804 silly ADD node_modules/@babel/plugin-transform-shorthand-properties
2805 silly ADD node_modules/@babel/plugin-transform-reserved-words
2806 silly ADD node_modules/@babel/plugin-transform-regexp-modifiers
2807 silly ADD node_modules/@babel/plugin-transform-regenerator
2808 silly ADD node_modules/@babel/plugin-transform-property-literals
2809 silly ADD node_modules/@babel/plugin-transform-private-property-in-object
2810 silly ADD node_modules/@babel/plugin-transform-private-methods
2811 silly ADD node_modules/@babel/plugin-transform-parameters
2812 silly ADD node_modules/@babel/plugin-transform-optional-chaining
2813 silly ADD node_modules/@babel/plugin-transform-optional-catch-binding
2814 silly ADD node_modules/@babel/plugin-transform-object-super
2815 silly ADD node_modules/@babel/plugin-transform-object-rest-spread
2816 silly ADD node_modules/@babel/plugin-transform-numeric-separator
2817 silly ADD node_modules/@babel/plugin-transform-nullish-coalescing-operator
2818 silly ADD node_modules/@babel/plugin-transform-new-target
2819 silly ADD node_modules/@babel/plugin-transform-named-capturing-groups-regex
2820 silly ADD node_modules/@babel/plugin-transform-modules-umd
2821 silly ADD node_modules/@babel/plugin-transform-modules-systemjs
2822 silly ADD node_modules/@babel/plugin-transform-modules-commonjs
2823 silly ADD node_modules/@babel/plugin-transform-modules-amd
2824 silly ADD node_modules/@babel/plugin-transform-member-expression-literals
2825 silly ADD node_modules/@babel/plugin-transform-logical-assignment-operators
2826 silly ADD node_modules/@babel/plugin-transform-literals
2827 silly ADD node_modules/@babel/plugin-transform-json-strings
2828 silly ADD node_modules/@babel/plugin-transform-function-name
2829 silly ADD node_modules/@babel/plugin-transform-for-of
2830 silly ADD node_modules/@babel/plugin-transform-export-namespace-from
2831 silly ADD node_modules/@babel/plugin-transform-exponentiation-operator
2832 silly ADD node_modules/@babel/plugin-transform-explicit-resource-management
2833 silly ADD node_modules/@babel/plugin-transform-dynamic-import
2834 silly ADD node_modules/@babel/plugin-transform-duplicate-named-capturing-groups-regex
2835 silly ADD node_modules/@babel/plugin-transform-duplicate-keys
2836 silly ADD node_modules/@babel/plugin-transform-dotall-regex
2837 silly ADD node_modules/@babel/plugin-transform-destructuring
2838 silly ADD node_modules/@babel/plugin-transform-computed-properties
2839 silly ADD node_modules/@babel/plugin-transform-classes
2840 silly ADD node_modules/@babel/plugin-transform-class-static-block
2841 silly ADD node_modules/@babel/plugin-transform-class-properties
2842 silly ADD node_modules/@babel/plugin-transform-block-scoping
2843 silly ADD node_modules/@babel/plugin-transform-block-scoped-functions
2844 silly ADD node_modules/@babel/plugin-transform-async-to-generator
2845 silly ADD node_modules/@babel/plugin-transform-async-generator-functions
2846 silly ADD node_modules/@babel/plugin-transform-arrow-functions
2847 silly ADD node_modules/@babel/plugin-syntax-unicode-sets-regex
2848 silly ADD node_modules/@babel/plugin-syntax-import-attributes
2849 silly ADD node_modules/@babel/plugin-syntax-import-assertions
2850 silly ADD node_modules/@babel/plugin-proposal-private-property-in-object
2851 silly ADD node_modules/@babel/plugin-bugfix-v8-static-class-fields-redefine-readonly
2852 silly ADD node_modules/@babel/plugin-bugfix-v8-spread-parameters-in-optional-chaining
2853 silly ADD node_modules/@babel/plugin-bugfix-safari-id-destructuring-collision-in-function-expression
2854 silly ADD node_modules/@babel/plugin-bugfix-safari-class-field-initializer-scope
2855 silly ADD node_modules/@babel/plugin-bugfix-firefox-class-in-computed-class-key
2856 silly ADD node_modules/leven
2857 silly ADD node_modules/jsonpointer
2858 silly ADD node_modules/json-schema
2859 silly ADD node_modules/workbox-sw
2860 silly ADD node_modules/workbox-streams
2861 silly ADD node_modules/workbox-strategies
2862 silly ADD node_modules/workbox-routing
2863 silly ADD node_modules/workbox-recipes
2864 silly ADD node_modules/workbox-range-requests
2865 silly ADD node_modules/workbox-precaching
2866 silly ADD node_modules/workbox-navigation-preload
2867 silly ADD node_modules/workbox-google-analytics
2868 silly ADD node_modules/workbox-expiration
2869 silly ADD node_modules/workbox-core
2870 silly ADD node_modules/workbox-cacheable-response
2871 silly ADD node_modules/workbox-broadcast-update
2872 silly ADD node_modules/workbox-background-sync
2873 silly ADD node_modules/upath
2874 silly ADD node_modules/tempy
2875 silly ADD node_modules/strip-comments
2876 silly ADD node_modules/stringify-object
2877 silly ADD node_modules/source-map
2878 silly ADD node_modules/source-map/node_modules/webidl-conversions
2879 silly ADD node_modules/source-map/node_modules/tr46
2880 silly ADD node_modules/source-map/node_modules/whatwg-url
2881 silly ADD node_modules/lodash
2882 silly ADD node_modules/glob
2883 silly ADD node_modules/fs-extra
2884 silly ADD node_modules/fast-json-stable-stringify
2885 silly ADD node_modules/common-tags
2886 silly ADD node_modules/ajv
2887 silly ADD node_modules/@surma/rollup-plugin-off-main-thread
2888 silly ADD node_modules/@surma/rollup-plugin-off-main-thread/node_modules/magic-string
2889 silly ADD node_modules/@rollup/plugin-terser
2890 silly ADD node_modules/@rollup/plugin-replace
2891 silly ADD node_modules/@rollup/plugin-replace/node_modules/magic-string
2892 silly ADD node_modules/@rollup/plugin-node-resolve
2893 silly ADD node_modules/@rollup/plugin-node-resolve/node_modules/picomatch
2894 silly ADD node_modules/@rollup/plugin-node-resolve/node_modules/estree-walker
2895 silly ADD node_modules/@rollup/plugin-node-resolve/node_modules/@rollup/pluginutils
2896 silly ADD node_modules/@rollup/plugin-babel
2897 silly ADD node_modules/@babel/preset-env
2898 silly ADD node_modules/@apideck/better-ajv-errors
2899 silly ADD node_modules/workbox-build
2900 silly ADD node_modules/workbox-build/node_modules/rollup
2901 silly ADD node_modules/workbox-build/node_modules/pretty-bytes
2902 silly ADD node_modules/pretty-bytes
2903 silly ADD node_modules/wgsl_reflect
2904 silly ADD node_modules/@loaders.gl/worker-utils
2905 silly ADD node_modules/@loaders.gl/loader-utils
2906 silly ADD node_modules/@math.gl/polygon
2907 silly ADD node_modules/@loaders.gl/schema
2908 silly ADD node_modules/mjolnir.js
2909 silly ADD node_modules/@probe.gl/stats
2910 silly ADD node_modules/@probe.gl/log
2911 silly ADD node_modules/@probe.gl/env
2912 silly ADD node_modules/@math.gl/types
2913 silly ADD node_modules/@math.gl/sun
2914 silly ADD node_modules/@luma.gl/webgl
2915 silly ADD node_modules/@luma.gl/engine
2916 silly ADD node_modules/@luma.gl/core
2917 silly ADD node_modules/@luma.gl/core/node_modules/@types/offscreencanvas
2918 silly ADD node_modules/@loaders.gl/images
2919 silly ADD node_modules/@loaders.gl/core
2920 silly ADD node_modules/d3-hexbin
2921 silly ADD node_modules/@math.gl/web-mercator
2922 silly ADD node_modules/@math.gl/core
2923 silly ADD node_modules/@luma.gl/shadertools
2924 silly ADD node_modules/@luma.gl/constants
2925 silly ADD node_modules/workbox-window
2926 silly ADD node_modules/vite-plugin-pwa
2927 silly ADD node_modules/@deck.gl/react
2928 silly ADD node_modules/@deck.gl/layers
2929 silly ADD node_modules/@deck.gl/layers/node_modules/earcut
2930 silly ADD node_modules/@deck.gl/core
2931 silly ADD node_modules/@deck.gl/core/node_modules/@types/offscreencanvas
2932 silly ADD node_modules/@deck.gl/aggregation-layers
2933 verbose cwd /Users/danielbuk/DCIM Compliance App
2934 verbose os Darwin 25.1.0
2935 verbose node v24.12.0
2936 verbose npm  v11.6.2
2937 notice
2937 notice New minor version of npm available! 11.6.2 -> 11.7.0
2937 notice Changelog: https://github.com/npm/cli/releases/tag/v11.7.0
2937 notice To update run: npm install -g npm@11.7.0
2937 notice  { force: true, Symbol(proc-log.meta): true }
2938 verbose exit 0
2939 info ok
